file_name,original_path,extension,size_bytes,last_modified,category,relevance_status,usefulness_score,reason,organized_copy,pdf_pages,pdf_tables_found,pdf_table_pages,visual_review_pages,sheet_count,sheet_summary
2025 Asia Pacific High Tech Total Remuneration Database (TRD).pdf,dataset\raw\2025 Asia Pacific High Tech Total Remuneration Database (TRD).pdf,.pdf,4327592,2026-09-25T01:07:32,talent_compensation,medium,70,"Useful for salary-source metadata, but detailed data may be gated.",dataset\organized\01_by_category\talent_compensation\2025 Asia Pacific High Tech Total Remuneration Database (TRD).pdf,10.0,2.0,5;9,dataset\organized\02_visual_review\2025_Asia_Pacific_High_Tech_Total_Remuneration_Database__TRD_\page_001.png;dataset\organized\02_visual_review\2025_Asia_Pacific_High_Tech_Total_Remuneration_Database__TRD_\page_005.png;dataset\organized\02_visual_review\2025_Asia_Pacific_High_Tech_Total_Remuneration_Database__TRD_\page_009.png;dataset\organized\02_visual_review\2025_Asia_Pacific_High_Tech_Total_Remuneration_Database__TRD_\page_004.png,,
26-insights-india-office-market-dynamics-q2-2026.pdf,dataset\raw\26-insights-india-office-market-dynamics-q2-2026.pdf,.pdf,1087668,2026-09-25T01:16:05,real_estate_city_benchmarking,high,85,"Useful for city benchmarking, rents, leasing, vacancy, office demand.",dataset\organized\01_by_category\real_estate_city_benchmarking\26-insights-india-office-market-dynamics-q2-2026.pdf,12.0,11.0,2;3;4;5;6;7;8;9;10;11,dataset\organized\02_visual_review\26-insights-india-office-market-dynamics-q2-2026\page_001.png;dataset\organized\02_visual_review\26-insights-india-office-market-dynamics-q2-2026\page_009.png;dataset\organized\02_visual_review\26-insights-india-office-market-dynamics-q2-2026\page_011.png;dataset\organized\02_visual_review\26-insights-india-office-market-dynamics-q2-2026\page_004.png,,
cognizant-avasant-gcc-services-radarview-2025.pdf,dataset\raw\cognizant-avasant-gcc-services-radarview-2025.pdf,.pdf,4666422,2026-09-25T01:06:42,stakeholder_provider_landscape,high,78,Useful for provider categories and stakeholder ecosystem.,dataset\organized\01_by_category\stakeholder_provider_landscape\cognizant-avasant-gcc-services-radarview-2025.pdf,37.0,12.0,1;14;15;16;17;19;21;24;29;30,dataset\organized\02_visual_review\cognizant-avasant-gcc-services-radarview-2025\page_001.png;dataset\organized\02_visual_review\cognizant-avasant-gcc-services-radarview-2025\page_016.png;dataset\organized\02_visual_review\cognizant-avasant-gcc-services-radarview-2025\page_030.png;dataset\organized\02_visual_review\cognizant-avasant-gcc-services-radarview-2025\page_029.png,,
data_gov data.csv,dataset\raw\data_gov data.csv,.csv,37738019,2026-09-25T00:38:37,company_entity_data,high,90,Structured file that can feed the prototype directly.,dataset\organized\01_by_category\company_entity_data\data_gov data.csv,,,,,1.0,"[{""sheet"": ""csv"", ""rows"": 132414, ""columns"": [""CIN"", ""CompanyName"", ""CompanyROCcode"", ""CompanyCategory"", ""CompanySubCategory"", ""CompanyClass"", ""AuthorizedCapital"", ""PaidupCapital"", ""CompanyRegistrationdate_date"", ""Registered_Office_Address"", ""Listingstatus"", ""CompanyStatus"", ""CompanyStateCode"", ""CompanyIndian/Foreign Company"", ""nic_code"", ""CompanyIndustrialClassification""]}]"
Dhruva-GCC-Report-2025.pdf,dataset\raw\Dhruva-GCC-Report-2025.pdf,.pdf,7707004,2026-09-25T01:04:14,setup_compliance_tax,high,82,"Useful for setup, tax, operating model, or compliance framing.",dataset\organized\01_by_category\setup_compliance_tax\Dhruva-GCC-Report-2025.pdf,100.0,121.0,1;3;4;5;6;7;8;9;10;11;12;13;14;15;16;17;18;19;20;21,dataset\organized\02_visual_review\Dhruva-GCC-Report-2025\page_001.png;dataset\organized\02_visual_review\Dhruva-GCC-Report-2025\page_017.png;dataset\organized\02_visual_review\Dhruva-GCC-Report-2025\page_036.png;dataset\organized\02_visual_review\Dhruva-GCC-Report-2025\page_081.png;dataset\organized\02_visual_review\Dhruva-GCC-Report-2025\page_035.png,,
Establish gcc 2025.pdf,dataset\raw\Establish gcc 2025.pdf,.pdf,6512089,2026-09-25T00:57:36,setup_compliance_tax,high,82,"Useful for setup, tax, operating model, or compliance framing.",dataset\organized\01_by_category\setup_compliance_tax\Establish gcc 2025.pdf,1.0,0.0,,dataset\organized\02_visual_review\Establish_gcc_2025\page_001.png,,
flexiple_india_verified_centers.xlsx,dataset\raw\flexiple_india_verified_centers.xlsx,.xlsx,101640,2026-09-25T00:05:40,company_entity_data,high,90,Structured file that can feed the prototype directly.,dataset\organized\01_by_category\company_entity_data\flexiple_india_verified_centers.xlsx,,,,,3.0,"[{""sheet"": ""Centers"", ""rows"": 536, ""columns"": [""directory_rank"", ""company_name"", ""profile_anchor"", ""profile_url"", ""model"", ""sector"", ""team_size_display"", ""team_size_code"", ""cities_code"", ""cities"", ""focus_description"", ""founded"", ""parent_hq"", ""in_india_since"", ""roles_tracked_most"", ""tracked_across_india_display"", ""tracked_across_india_estimate"", ""largest_india_hub"", ""profile_status"", ""logo_url"", ""source_data_a"", ""source_data_w"", ""source_data_r""]}, {""sheet"": ""Filter Options"", ""rows"": 50, ""columns"": [""filter_dimension"", ""filter_value"", ""display_label"", ""count_display""]}, {""sheet"": ""Source Notes"", ""rows"": 5, ""columns"": [""field"", ""value""]}]"
GCC IN INDIA 2025.pdf,dataset\raw\GCC IN INDIA 2025.pdf,.pdf,4795311,2026-09-25T01:23:41,macro_gcc_reports,high,90,High-value GCC market report/source.,dataset\organized\01_by_category\macro_gcc_reports\GCC IN INDIA 2025.pdf,22.0,29.0,1;5;6;7;8;9;10;11;12;13;14;15;16;18;21,dataset\organized\02_visual_review\GCC_IN_INDIA_2025\page_001.png;dataset\organized\02_visual_review\GCC_IN_INDIA_2025\page_012.png;dataset\organized\02_visual_review\GCC_IN_INDIA_2025\page_021.png;dataset\organized\02_visual_review\GCC_IN_INDIA_2025\page_011.png;dataset\organized\02_visual_review\GCC_IN_INDIA_2025\page_008.png,,
gcc-driving-indias-real-estate-growth-story-2024-11629.pdf,dataset\raw\gcc-driving-indias-real-estate-growth-story-2024-11629.pdf,.pdf,6803482,2026-09-25T01:18:36,misc,medium,55,Potentially useful but needs review.,dataset\organized\01_by_category\misc\gcc-driving-indias-real-estate-growth-story-2024-11629.pdf,20.0,81.0,1;2;3;4;5;6;7;8;9;10;11;12;13;14;15;16;17;18;19;20,dataset\organized\02_visual_review\gcc-driving-indias-real-estate-growth-story-2024-11629\page_001.png;dataset\organized\02_visual_review\gcc-driving-indias-real-estate-growth-story-2024-11629\page_010.png;dataset\organized\02_visual_review\gcc-driving-indias-real-estate-growth-story-2024-11629\page_011.png;dataset\organized\02_visual_review\gcc-driving-indias-real-estate-growth-story-2024-11629\page_014.png;dataset\organized\02_visual_review\gcc-driving-indias-real-estate-growth-story-2024-11629\page_002.png,,
GCC-SOP_140326.pdf,dataset\raw\GCC-SOP_140326.pdf,.pdf,901997,2026-09-25T00:50:51,state_policy_incentives,high,88,Official or policy-adjacent source for state incentives and setup rules.,dataset\organized\01_by_category\state_policy_incentives\GCC-SOP_140326.pdf,19.0,9.0,4;5;11;13;14;15;17;18;19,dataset\organized\02_visual_review\GCC-SOP_140326\page_001.png;dataset\organized\02_visual_review\GCC-SOP_140326\page_004.png;dataset\organized\02_visual_review\GCC-SOP_140326\page_005.png;dataset\organized\02_visual_review\GCC-SOP_140326\page_011.png;dataset\organized\02_visual_review\GCC-SOP_140326\page_003.png,,
GCC_Index_All_Companies.xlsx,dataset\raw\GCC_Index_All_Companies.xlsx,.xlsx,188675,2026-09-25T00:23:13,company_entity_data,high,90,Structured file that can feed the prototype directly.,dataset\organized\01_by_category\company_entity_data\GCC_Index_All_Companies.xlsx,,,,,5.0,"[{""sheet"": ""Company Profiles"", ""rows"": 313, ""columns"": [""directory_order"", ""company_name"", ""profile_name"", ""directory_sector"", ""profile_sector"", ""directory_city_text"", ""profile_city"", ""capability_intent"", ""cin"", ""incorporation_related_event_date(s)"", ""incorporation_related_event(s)"", ""company_website_label"", ""company_website_url"", ""open_roles_label"", ""open_roles_url"", ""timeline_event_count"", ""timeline_event_dates"", ""timeline_event_types"", ""timeline_event_titles"", ""company_path"", ""profile_url"", ""directory_logo_url"", ""profile_logo_url"", ""profile_fetch_status"", ""profile_error"", ""profile_text_all_visible"", ""profile_content_lines_json"", ""page_title"", ""filter_name"", ""filter_sector"", ""filter_city"", ""directory_logo_alt"", ""profile_field__capability_intent"", ""profile_field__cin"", ""profile_field__city""]}, {""sheet"": ""Activity Timeline"", ""rows"": 503, ""columns"": [""company_name"", ""directory_company_name"", ""profile_url"", ""event_order"", ""event_date"", ""event_type"", ""event_title"", ""event_detail""]}, {""sheet"": ""Dropdown Options"", ""rows"": 36, ""columns"": [""control"", ""option_index"", ""value"", ""label""]}, {""sheet"": ""Data Summary"", ""rows"": 57, ""columns"": [""Metric"", ""Value""]}, {""sheet"": ""Fetch Audit"", ""rows"": 0, ""columns"": [""company_name"", ""profile_url"", ""error""]}]"
gccs-in-india.ashx.pdf,dataset\raw\gccs-in-india.ashx.pdf,.pdf,6522439,2026-09-25T01:22:58,macro_gcc_reports,high,90,High-value GCC market report/source.,dataset\organized\01_by_category\macro_gcc_reports\gccs-in-india.ashx.pdf,23.0,14.0,1;4;5;6;10;12;14;16;20;21;22;23,dataset\organized\02_visual_review\gccs-in-india.ashx\page_001.png;dataset\organized\02_visual_review\gccs-in-india.ashx\page_020.png;dataset\organized\02_visual_review\gccs-in-india.ashx\page_006.png;dataset\organized\02_visual_review\gccs-in-india.ashx\page_004.png;dataset\organized\02_visual_review\gccs-in-india.ashx\page_021.png,,
global-cabability-centres-compressed_1.pdf,dataset\raw\global-cabability-centres-compressed_1.pdf,.pdf,1031693,2026-09-25T00:47:46,state_policy_incentives,high,88,Official or policy-adjacent source for state incentives and setup rules.,dataset\organized\01_by_category\state_policy_incentives\global-cabability-centres-compressed_1.pdf,47.0,21.0,5;6;17;18;20;22;23;24;25;36;37;39;42;43;44;45;46;47,dataset\organized\02_visual_review\global-cabability-centres-compressed_1\page_001.png;dataset\organized\02_visual_review\global-cabability-centres-compressed_1\page_036.png;dataset\organized\02_visual_review\global-cabability-centres-compressed_1\page_023.png;dataset\organized\02_visual_review\global-cabability-centres-compressed_1\page_018.png;dataset\organized\02_visual_review\global-cabability-centres-compressed_1\page_002.png,,
global-capability-centres-and-india-office-market-landscape-2024-11382.pdf,dataset\raw\global-capability-centres-and-india-office-market-landscape-2024-11382.pdf,.pdf,9668332,2026-09-25T01:18:27,real_estate_city_benchmarking,high,85,"Useful for city benchmarking, rents, leasing, vacancy, office demand.",dataset\organized\01_by_category\real_estate_city_benchmarking\global-capability-centres-and-india-office-market-landscape-2024-11382.pdf,20.0,13.0,8;10;11;12;13;14;16;20,dataset\organized\02_visual_review\global-capability-centres-and-india-office-market-landscape-2024-11382\page_001.png;dataset\organized\02_visual_review\global-capability-centres-and-india-office-market-landscape-2024-11382\page_014.png;dataset\organized\02_visual_review\global-capability-centres-and-india-office-market-landscape-2024-11382\page_020.png;dataset\organized\02_visual_review\global-capability-centres-and-india-office-market-landscape-2024-11382\page_012.png,,
Gujarat Global Capability Center.pdf,dataset\raw\Gujarat Global Capability Center.pdf,.pdf,337224,2026-09-25T00:47:10,state_policy_incentives,high,88,Official or policy-adjacent source for state incentives and setup rules.,dataset\organized\01_by_category\state_policy_incentives\Gujarat Global Capability Center.pdf,14.0,6.0,8;9;10;11;12,dataset\organized\02_visual_review\Gujarat_Global_Capability_Center\page_001.png;dataset\organized\02_visual_review\Gujarat_Global_Capability_Center\page_011.png;dataset\organized\02_visual_review\Gujarat_Global_Capability_Center\page_010.png;dataset\organized\02_visual_review\Gujarat_Global_Capability_Center\page_008.png;dataset\organized\02_visual_review\Gujarat_Global_Capability_Center\page_003.png,,
india-office-market-report-q2-2026.pdf,dataset\raw\india-office-market-report-q2-2026.pdf,.pdf,2191130,2026-09-25T01:19:25,real_estate_city_benchmarking,high,85,"Useful for city benchmarking, rents, leasing, vacancy, office demand.",dataset\organized\01_by_category\real_estate_city_benchmarking\india-office-market-report-q2-2026.pdf,10.0,0.0,4;5;6;7;8,dataset\organized\02_visual_review\india-office-market-report-q2-2026\page_001.png;dataset\organized\02_visual_review\india-office-market-report-q2-2026\page_004.png;dataset\organized\02_visual_review\india-office-market-report-q2-2026\page_007.png;dataset\organized\02_visual_review\india-office-market-report-q2-2026\page_008.png,,
India_Office_Figures_Q2_2026.pdf,dataset\raw\India_Office_Figures_Q2_2026.pdf,.pdf,5890623,2026-09-25T01:10:48,real_estate_city_benchmarking,high,85,"Useful for city benchmarking, rents, leasing, vacancy, office demand.",dataset\organized\01_by_category\real_estate_city_benchmarking\India_Office_Figures_Q2_2026.pdf,23.0,35.0,2;3;4;5;6;7;8;9;10;11;12;13;14;15;16;18;19;20;21,dataset\organized\02_visual_review\India_Office_Figures_Q2_2026\page_001.png;dataset\organized\02_visual_review\India_Office_Figures_Q2_2026\page_015.png;dataset\organized\02_visual_review\India_Office_Figures_Q2_2026\page_011.png;dataset\organized\02_visual_review\India_Office_Figures_Q2_2026\page_009.png;dataset\organized\02_visual_review\India_Office_Figures_Q2_2026\page_017.png,,
kpmg-firms-identified-as-a-leader-in-isg-provider-lens-global-capability-center-gcc-services-2025.pdf.coredownload.inline.pdf.pdf,dataset\raw\kpmg-firms-identified-as-a-leader-in-isg-provider-lens-global-capability-center-gcc-services-2025.pdf.coredownload.inline.pdf.pdf,.pdf,8416814,2026-09-25T01:05:30,stakeholder_provider_landscape,high,78,Useful for provider categories and stakeholder ecosystem.,dataset\organized\01_by_category\stakeholder_provider_landscape\kpmg-firms-identified-as-a-leader-in-isg-provider-lens-global-capability-center-gcc-services-2025.pdf.coredownload.inline.pdf.pdf,31.0,31.0,1;2;3;4;5;6;7;8;9;10;11;12;13;15;16;17;18;19;20;22,dataset\organized\02_visual_review\kpmg-firms-identified-as-a-leader-in-isg-provider-lens-global-capability-center-gcc-services-2025.pdf.coredownload.inline.pdf\page_001.png;dataset\organized\02_visual_review\kpmg-firms-identified-as-a-leader-in-isg-provider-lens-global-capability-center-gcc-services-2025.pdf.coredownload.inline.pdf\page_011.png;dataset\organized\02_visual_review\kpmg-firms-identified-as-a-leader-in-isg-provider-lens-global-capability-center-gcc-services-2025.pdf.coredownload.inline.pdf\page_007.png;dataset\organized\02_visual_review\kpmg-firms-identified-as-a-leader-in-isg-provider-lens-global-capability-center-gcc-services-2025.pdf.coredownload.inline.pdf\page_008.png;dataset\organized\02_visual_review\kpmg-firms-identified-as-a-leader-in-isg-provider-lens-global-capability-center-gcc-services-2025.pdf.coredownload.inline.pdf\page_004.png,,
Minutes 127th BOA for SEZs.pdf,dataset\raw\Minutes 127th BOA for SEZs.pdf,.pdf,3496165,2026-09-25T00:45:24,sez_stpi_facility_signals,high,82,Official facility/location signal; needs manual mapping to GCC tenants.,dataset\organized\01_by_category\sez_stpi_facility_signals\Minutes 127th BOA for SEZs.pdf,15.0,0.0,,dataset\organized\02_visual_review\Minutes_127th_BOA_for_SEZs\page_001.png,,
Nidhi Scheme for setting up business.pdf,dataset\raw\Nidhi Scheme for setting up business.pdf,.pdf,75156,2026-09-25T00:53:07,low_relevance_noise,low,25,"Generic business scheme, weak fit for GCC Compass MVP.",dataset\organized\07_noise_review\low_relevance_noise\Nidhi Scheme for setting up business.pdf,23.0,1.0,1,dataset\organized\02_visual_review\Nidhi_Scheme_for_setting_up_business\page_001.png;dataset\organized\02_visual_review\Nidhi_Scheme_for_setting_up_business\page_011.png,,
Scheme to promote GCC.pdf,dataset\raw\Scheme to promote GCC.pdf,.pdf,489485,2026-09-25T00:51:36,state_policy_incentives,high,88,Official or policy-adjacent source for state incentives and setup rules.,dataset\organized\01_by_category\state_policy_incentives\Scheme to promote GCC.pdf,3.0,0.0,,dataset\organized\02_visual_review\Scheme_to_promote_GCC\page_001.png,,
Screenshot.png,dataset\raw\Screenshot.png,.png,5078587,2026-09-24T23:36:11,visual_reference,medium,55,"Screenshot/reference image, useful for product comparison only.",dataset\organized\01_by_category\visual_reference\Screenshot.png,,,,,,
Sez_113rd BoA - Agenda.pdf,dataset\raw\Sez_113rd BoA - Agenda.pdf,.pdf,2271100,2026-09-25T00:44:52,sez_stpi_facility_signals,high,82,Official facility/location signal; needs manual mapping to GCC tenants.,dataset\organized\01_by_category\sez_stpi_facility_signals\Sez_113rd BoA - Agenda.pdf,39.0,42.0,5;6;7;8;9;10;11;13;14;17;18;19;20;21;22;23;24;25;27;32,dataset\organized\02_visual_review\Sez_113rd_BoA_-_Agenda\page_001.png;dataset\organized\02_visual_review\Sez_113rd_BoA_-_Agenda\page_005.png;dataset\organized\02_visual_review\Sez_113rd_BoA_-_Agenda\page_032.png;dataset\organized\02_visual_review\Sez_113rd_BoA_-_Agenda\page_017.png;dataset\organized\02_visual_review\Sez_113rd_BoA_-_Agenda\page_030.png,,
SEZ_Notified 351.pdf,dataset\raw\SEZ_Notified 351.pdf,.pdf,448519,2026-09-25T00:44:06,sez_stpi_facility_signals,high,82,Official facility/location signal; needs manual mapping to GCC tenants.,dataset\organized\01_by_category\sez_stpi_facility_signals\SEZ_Notified 351.pdf,27.0,27.0,1;2;3;4;5;6;7;8;9;10;11;12;13;14;15;16;17;18;19;20,dataset\organized\02_visual_review\SEZ_Notified_351\page_001.png;dataset\organized\02_visual_review\SEZ_Notified_351\page_019.png;dataset\organized\02_visual_review\SEZ_Notified_351\page_003.png;dataset\organized\02_visual_review\SEZ_Notified_351\page_015.png,,
UP-GCC-Policy_200426.pdf,dataset\raw\UP-GCC-Policy_200426.pdf,.pdf,1845719,2026-09-25T00:50:20,state_policy_incentives,high,88,Official or policy-adjacent source for state incentives and setup rules.,dataset\organized\01_by_category\state_policy_incentives\UP-GCC-Policy_200426.pdf,5.0,0.0,,dataset\organized\02_visual_review\UP-GCC-Policy_200426\page_001.png,,
UP_GCC-Policy-Eng_050625.pdf,dataset\raw\UP_GCC-Policy-Eng_050625.pdf,.pdf,1171172,2026-09-25T00:48:57,state_policy_incentives,high,88,Official or policy-adjacent source for state incentives and setup rules.,dataset\organized\01_by_category\state_policy_incentives\UP_GCC-Policy-Eng_050625.pdf,19.0,9.0,1;3;7;9;10;13;14;16,dataset\organized\02_visual_review\UP_GCC-Policy-Eng_050625\page_001.png;dataset\organized\02_visual_review\UP_GCC-Policy-Eng_050625\page_003.png;dataset\organized\02_visual_review\UP_GCC-Policy-Eng_050625\page_016.png;dataset\organized\02_visual_review\UP_GCC-Policy-Eng_050625\page_004.png,,
zinnov-nasscom-india-gcc-landscape-report-2026.pdf,dataset\raw\zinnov-nasscom-india-gcc-landscape-report-2026.pdf,.pdf,11551788,2026-09-24T23:29:34,macro_gcc_reports,high,90,High-value GCC market report/source.,dataset\organized\01_by_category\macro_gcc_reports\zinnov-nasscom-india-gcc-landscape-report-2026.pdf,26.0,11.0,1;3;5;6;7;8;9;12;13;14;15;16;17;20;22;26,dataset\organized\02_visual_review\zinnov-nasscom-india-gcc-landscape-report-2026\page_001.png;dataset\organized\02_visual_review\zinnov-nasscom-india-gcc-landscape-report-2026\page_003.png;dataset\organized\02_visual_review\zinnov-nasscom-india-gcc-landscape-report-2026\page_006.png;dataset\organized\02_visual_review\zinnov-nasscom-india-gcc-landscape-report-2026\page_020.png;dataset\organized\02_visual_review\zinnov-nasscom-india-gcc-landscape-report-2026\page_002.png,,
