company_name,profile_city,profile_sector,capability_intent,cin,CompanyName,CIN,CompanyRegistrationdate_date,CompanyStatus,CompanyStateCode,CompanyIndian/Foreign Company,nic_code,CompanyIndustrialClassification,Registered_Office_Address,profile_url,company_website_url
4flow,Bengaluru,Logistics & Transportation,Global Capability Expansion,U62099KA2025FTC210241,,,,,,,,,,https://gccindex.in/company/4flow,https://www.4flow.com/
ABC Fitness,Hyderabad,Retail & Consumer,Innovation & R&D,U62099TS2024FTC192459,,,,,,,,,,https://gccindex.in/company/abc-fitness,https://www.abcfitness.com/
ABeam Consulting Ltd.,Chennai,Consulting & Professional Services,Innovation & R&D,F07048,,,,,,,,,,https://gccindex.in/company/abeam-consulting,https://www.abeam.com/in/en/
Abercrombie & Fitch,Bengaluru,Retail & Consumer,Digital Transformation,U62099KA2025FTC209169,,,,,,,,,,https://gccindex.in/company/abercrombie-fitch,https://corporate.abercrombie.com/
Acumatica,Hyderabad,Technology & Software,Innovation & R&D,U62099TS2025FTC208693,,,,,,,,,,https://gccindex.in/company/acumatica,https://www.acumatica.com/
Aeries Technology,Bengaluru,Technology & Software,Global Capability Expansion,—,,,,,,,,,,https://gccindex.in/company/aeries,https://www.aeriestechnology.com/
Agilent Technologies,Hyderabad,Semiconductors & Electronics,Innovation & R&D,—,,,,,,,,,,https://gccindex.in/company/agilent,https://www.agilent.com/
AHEAD,Bengaluru,Technology & Software,Global Capability Expansion,—,,,,,,,,,,https://gccindex.in/company/ahead,https://www.ahead.com/
Airbus,Bengaluru,Aerospace & Defense,Global Capability Expansion,—,,,,,,,,,,https://gccindex.in/company/airbus,https://www.airbus.com/
Albertsons,Bengaluru,Retail & Consumer,Innovation & R&D,U62099KA2025FTC200765,,,,,,,,,,https://gccindex.in/company/albertsons,https://www.albertsons.com/
Alcon,Bengaluru,Healthcare & Life Sciences,Global Capability Expansion,—,,,,,,,,,,https://gccindex.in/company/alcon,https://www.alcon.com/
Alight Solutions,Chennai,Technology & Software,Global Capability Expansion,—,,,,,,,,,,https://gccindex.in/company/alight,https://www.alight.com/
"Alkami Technology, Inc.",Gurugram,Technology & Software,Innovation & R&D,U62020HR2024FTC126618,ALKAMI TECHNOLOGY INDIA PRIVATE LIMITED,U62020HR2024FTC126618,2024-12-04,Active,haryana,91,62020.0,Business Services,"9th Floor of Tower 2,Atrium Place,Industrial Complex Dundahera,Gurgaon,Haryana,122016-India",https://gccindex.in/company/alkami,https://www.alkami.com/
Altimetrik,Pune,Technology & Software,Digital Transformation,—,,,,,,,,,,https://gccindex.in/company/altimetrik,https://www.altimetrik.com/
Alvarez & Marsal,Bengaluru,Consulting & Professional Services,Innovation & R&D,U70200HR2024FTC119901,ALVAREZ & MARSAL GLOBAL CAPABILITY CENTER PRIVATE LIMITED,U70200HR2024FTC119901,2024-03-16,Active,haryana,91,70200.0,"Community, personal and Social Services","2nd Floor, Building- 8,,DLF Cyber City Tower -B, Phase II,,Dlf Qe,Gurgaon,Haryana,122002-India",https://gccindex.in/company/alvarez-marsal,https://www.alvarezandmarsal.com/
AMD,Bengaluru,Semiconductors & Electronics,Global Capability Expansion,—,,,,,,,,,,https://gccindex.in/company/amd,https://www.amd.com/
Amgen,Hyderabad,Healthcare & Life Sciences,AI & Advanced Technology,U62099TS2024FTC191930,,,,,,,,,,https://gccindex.in/company/amgen,https://www.amgen.com/
AML RightSource,Noida,Financial Services,Global Capability Expansion,—,,,,,,,,,,https://gccindex.in/company/aml-rightsource,https://www.amlrightsource.com/
AMS,Pune,Consulting & Professional Services,Global Capability Expansion,—,,,,,,,,,,https://gccindex.in/company/ams,https://www.weareams.com/
Amtech Software,Bengaluru,Technology & Software,Global Capability Expansion,U62099KA2025FTC212495,,,,,,,,,,https://gccindex.in/company/amtech-software,https://www.amtechsoftware.com/
Anaplan,Gurugram,Technology & Software,Global Capability Expansion,—,,,,,,,,,,https://gccindex.in/company/anaplan,https://www.anaplan.com/
Anaptyss,Gurugram,Financial Services,Talent & Workforce Development,—,,,,,,,,,,https://gccindex.in/company/anaptyss,https://www.anaptyss.com/
Aon,Bengaluru,Consulting & Professional Services,Innovation & R&D,—,,,,,,,,,,https://gccindex.in/company/aon,https://www.aon.com/
Aperam,Hyderabad,Manufacturing & Industrial,Global Capability Expansion,—,,,,,,,,,,https://gccindex.in/company/aperam,https://www.aperam.com/
Apple India,Hyderabad,Technology & Software,Global Capability Expansion,U62099KA2026FTC219177,,,,,,,,,,https://gccindex.in/company/apple-india,https://www.apple.com/in/
Applied Materials,Bengaluru,Semiconductors & Electronics,Innovation & R&D,—,,,,,,,,,,https://gccindex.in/company/applied-materials,https://www.appliedmaterials.com/
Aramex,Pune,Logistics & Transportation,Global Capability Expansion,—,,,,,,,,,,https://gccindex.in/company/aramex,https://www.aramex.com/
ArcelorMittal,"Pune, Hyderabad",Manufacturing & Industrial,"Global Capability Expansion, Innovation & R&D",U62099DL2025FTC443764,,,,,,,,,,https://gccindex.in/company/arcelormittal,https://corporate.arcelormittal.com/
Arch Global Services,Thiruvananthapuram,Financial Services,Global Capability Expansion,U62099TS2025FTC195292,,,,,,,,,,https://gccindex.in/company/arch,https://www.archgroup.com/
Arctera,Pune,Technology & Software,Innovation & R&D,—,,,,,,,,,,https://gccindex.in/company/arctera,https://www.arctera.io/
Arctic Wolf,Bengaluru,Technology & Software,Innovation & R&D,U62099KA2024FTC187571,,,,,,,,,,https://gccindex.in/company/arctic-wolf,https://www.arcticwolf.com/
ARKO Corp,Bengaluru,Retail & Consumer,Talent & Workforce Development,U62099KA2026FTC221226,,,,,,,,,,https://gccindex.in/company/arko,https://www.arkocorp.com/
Arrive,Bengaluru,Technology & Software,Global Capability Expansion,U62099KA2026FTC221423,,,,,,,,,,https://gccindex.in/company/arrive,https://arrive.com/
Assent,Pune,Consulting & Professional Services,Sustainability & Energy Transition,U62099PN2025FTC239498,,,,,,,,,,https://gccindex.in/company/assent,https://www.assent.com/
AstraZeneca,Bengaluru,Healthcare & Life Sciences,Innovation & R&D,—,,,,,,,,,,https://gccindex.in/company/astrazeneca,https://www.astrazeneca.com/
AT&S,Pune,Semiconductors & Electronics,Global Capability Expansion,—,,,,,,,,,,https://gccindex.in/company/ats,https://ats.net/
Atlassian,Bengaluru,Technology & Software,Global Capability Expansion,—,,,,,,,,,,https://gccindex.in/company/atlassian,https://www.atlassian.com/
Availity,Bengaluru,Healthcare & Life Sciences,Global Capability Expansion,—,,,,,,,,,,https://gccindex.in/company/availity,https://www.availity.com/
Axiado,Bengaluru,Semiconductors & Electronics,Innovation & R&D,U62099TS2025FTC198062,,,,,,,,,,https://gccindex.in/company/axiado,https://www.axiado.com/
BASF,Hyderabad,Manufacturing & Industrial,Global Capability Expansion,U62020MH2026FTC465112,,,,,,,,,,https://gccindex.in/company/basf,https://www.basf.com/
BAT,Bengaluru,Retail & Consumer,Global Capability Expansion,U62099KA2026FTC219579,,,,,,,,,,https://gccindex.in/company/bat,https://www.bat.com/
Bayer,Bengaluru,Healthcare & Life Sciences,Innovation & R&D,—,,,,,,,,,,https://gccindex.in/company/bayer,https://www.bayer.com/
BDO,Chennai,Consulting & Professional Services,Global Capability Expansion,—,,,,,,,,,,https://gccindex.in/company/bdo,https://www.bdo.global/
Billtrust,Hyderabad,Financial Services,Global Capability Expansion,—,,,,,,,,,,https://gccindex.in/company/billtrust,https://www.billtrust.com/
Bioforum,Bengaluru,Healthcare & Life Sciences,Innovation & R&D,U63111KA2026FTC221782,,,,,,,,,,https://gccindex.in/company/bioforum,https://bioforumgroup.com/
Blackbaud,Hyderabad,Technology & Software,Global Capability Expansion,U62099TS2024FTC187579,,,,,,,,,,https://gccindex.in/company/blackbaud,https://www.blackbaud.com/
Blupace,Hyderabad,Technology & Software,Global Capability Expansion,—,,,,,,,,,,https://gccindex.in/company/blupace,https://blupacetech.com/
BMS,Mumbai,Financial Services,Global Capability Expansion,—,,,,,,,,,,https://gccindex.in/company/bms,https://www.bmsgroup.com/
Boston Consulting Group,Hyderabad,Consulting & Professional Services,Global Capability Expansion,—,,,,,,,,,,https://gccindex.in/company/boston-consulting,https://www.bcg.com/
Boston Scientific,Pune,Healthcare & Life Sciences,Global Capability Expansion,—,,,,,,,,,,https://gccindex.in/company/boston-scientific,https://www.bostonscientific.com/
bp,Pune,Energy & Utilities,Global Capability Expansion,—,,,,,,,,,,https://gccindex.in/company/bp,https://www.bp.com/
C&R Software,Nagpur,Technology & Software,Innovation & R&D,—,,,,,,,,,,https://gccindex.in/company/cr-software,https://www.crsoftware.com/
Calderys,Pune,Manufacturing & Industrial,Global Capability Expansion,—,,,,,,,,,,https://gccindex.in/company/calderys,https://www.calderys.com/
Care ADHD,Bengaluru,Healthcare & Life Sciences,Global Capability Expansion,—,,,,,,,,,,https://gccindex.in/company/care-adhd,https://www.careadhd.co.uk/
Cargill,Bengaluru,Food & Agriculture,Global Capability Expansion,—,,,,,,,,,,https://gccindex.in/company/cargill,https://www.cargill.com/
Carlsberg Group,Gurugram,Retail & Consumer,Innovation & R&D,—,,,,,,,,,,https://gccindex.in/company/carlsberg,https://www.carlsberggroup.com/
Catalyst Brands,Bengaluru,Retail & Consumer,Global Capability Expansion,—,,,,,,,,,,https://gccindex.in/company/catalyst-brands,https://www.catalystbrands.com/
Celonis,Bengaluru,Technology & Software,Global Capability Expansion,—,,,,,,,,,,https://gccindex.in/company/celonis,https://www.celonis.com/
Centrica,Hyderabad,Energy & Utilities,Global Capability Expansion,—,,,,,,,,,,https://gccindex.in/company/centrica,https://www.centrica.com/
Charles Schwab,Hyderabad,Financial Services,Global Capability Expansion,U62099TS2025FTC203475,,,,,,,,,,https://gccindex.in/company/charles-schwab,https://www.schwab.com/
Chevron,Bengaluru,Energy & Utilities,Global Capability Expansion,U74909KA2024FTC190992,,,,,,,,,,https://gccindex.in/company/chevron,https://www.chevron.com/
CIBC,Hyderabad,Financial Services,Global Capability Expansion,U62099TS2025FTC206832,,,,,,,,,,https://gccindex.in/company/cibc,https://www.cibc.com/
Citizens Financial Group,Hyderabad,Financial Services,Global Capability Expansion,—,,,,,,,,,,https://gccindex.in/company/citizens-financial,https://www.citizensbank.com/
Citrin Cooperman,Hyderabad,Consulting & Professional Services,Global Capability Expansion,—,,,,,,,,,,https://gccindex.in/company/citrin-cooperman,https://www.citrincooperman.com/
Codec,Bengaluru,Technology & Software,Global Operations,U62099KA2026FTC215998,,,,,,,,,,https://gccindex.in/company/codec,https://www.codec.ie/
Cognite,Bengaluru,Technology & Software,Global Capability Expansion,U62099KA2024FTC185777,,,,,,,,,,https://gccindex.in/company/cognite,https://www.cognite.com/
Cognyte,Pune,Technology & Software,Innovation & R&D,—,,,,,,,,,,https://gccindex.in/company/cognyte,https://www.cognyte.com/
Cohere Health,Hyderabad,Healthcare & Life Sciences,Global Capability Expansion,—,,,,,,,,,,https://gccindex.in/company/cohere-health,https://www.coherehealth.com/
Collabera,Vadodara,Consulting & Professional Services,Global Capability Expansion,—,,,,,,,,,,https://gccindex.in/company/collabera,https://www.collabera.com/
Columbia Group,Mumbai,Logistics & Transportation,Global Capability Expansion,U82990MH2025FTC459262,,,,,,,,,,https://gccindex.in/company/columbia,https://www.columbia-group.com/
Consilio,"Bengaluru, Gurugram",Consulting & Professional Services,"Innovation & R&D, Global Capability Expansion",—,,,,,,,,,,https://gccindex.in/company/consilio,https://www.consilio.com/
Costco Wholesale,Hyderabad,Retail & Consumer,Innovation & R&D,U62099TS2025FTC200374,,,,,,,,,,https://gccindex.in/company/costco-wholesale,https://www.costco.com/
Coupang,Hyderabad,Retail & Consumer,Global Capability Expansion,—,,,,,,,,,,https://gccindex.in/company/coupang,https://www.aboutcoupang.com/
Covasant Technologies,Hyderabad,Technology & Software,Global Capability Expansion,—,,,,,,,,,,https://gccindex.in/company/covasant,https://www.covasant.com/
CrashPlan,Bengaluru,Technology & Software,Global Capability Expansion,—,,,,,,,,,,https://gccindex.in/company/crashplan,https://www.crashplan.com/
Crowe,Noida,Consulting & Professional Services,Innovation & R&D,—,,,,,,,,,,https://gccindex.in/company/crowe,
CtrlS Datacenters,Bhopal,Technology & Software,AI & Advanced Technology,—,,,,,,,,,,https://gccindex.in/company/ctrls-datacenters,https://www.ctrls.com/
Curriculum Associates,Bengaluru,Other / Misc,Global Capability Expansion,U85500KA2024FTC186526,,,,,,,,,,https://gccindex.in/company/curriculum-associates,https://www.curriculumassociates.com/
Cyderes,Bengaluru,Technology & Software,Global Capability Expansion,—,,,,,,,,,,https://gccindex.in/company/cyderes,https://www.cyderes.com/
Dai-ichi Life Group,Hyderabad,Financial Services,Innovation & R&D,—,,,,,,,,,,https://gccindex.in/company/daiichi-life,https://www.dai-ichi-life.co.jp/english/
Daikin,Gurugram,Manufacturing & Industrial,Global Capability Expansion,U46691DL2026FTC461416,,,,,,,,,,https://gccindex.in/company/daikin,https://www.daikinindia.com/
DAMAC Group,"Noida, Pune",Real Estate & Infrastructure,Global Capability Expansion,U70200MH2026FTC470076,,,,,,,,,,https://gccindex.in/company/damac,https://www.damacgroup.com/
Dark Matter,Hyderabad,Technology & Software,Innovation & R&D,—,,,,,,,,,,https://gccindex.in/company/dark-matter,https://dmatter.com/
Datadog,Bengaluru,Technology & Software,Global Capability Expansion,—,,,,,,,,,,https://gccindex.in/company/datadog,https://www.datadoghq.com/
DAZN,Hyderabad,Telecom & Media,Global Capability Expansion,—,,,,,,,,,,https://gccindex.in/company/dazn,https://www.dazn.com/
DeepIntent,Pune,Technology & Software,Global Capability Expansion,—,,,,,,,,,,https://gccindex.in/company/deepintent,https://www.deepintent.com/
Deepwatch,Bengaluru,Technology & Software,Global Capability Expansion,—,,,,,,,,,,https://gccindex.in/company/deepwatch,https://www.deepwatch.com/
Deloitte,Mangaluru,Consulting & Professional Services,Global Capability Expansion,—,,,,,,,,,,https://gccindex.in/company/deloitte,https://www.deloitte.com/
DESRI,Hyderabad,Energy & Utilities,Innovation & R&D,—,,,,,,,,,,https://gccindex.in/company/desri,https://www.desri.com/
Deutsche Börse,Hyderabad,Financial Services,Global Capability Expansion,U62090TS2025FTC197886,,,,,,,,,,https://gccindex.in/company/deutsche-borse,https://www.deutsche-boerse.com/
Dexian India,Chennai,Consulting & Professional Services,Global Capability Expansion,—,,,,,,,,,,https://gccindex.in/company/dexian-india,https://dexian.com/
DigiKey,Bengaluru,Semiconductors & Electronics,Innovation & R&D,—,,,,,,,,,,https://gccindex.in/company/digikey,https://www.digikey.com/
Digital Divide Data,Dehradun,Technology & Software,Global Capability Expansion,U62013DL2026FTC466952,,,,,,,,,,https://gccindex.in/company/digital-divide-data,https://digitaldividedata.com/
DSP,Bengaluru,Technology & Software,Global Capability Expansion,—,,,,,,,,,,https://gccindex.in/company/dsp,https://www.dsp.co.uk/
Eaton,Pune,Manufacturing & Industrial,Global Capability Expansion,—,,,,,,,,,,https://gccindex.in/company/eaton,https://www.eaton.com/
eBay,Bengaluru,Retail & Consumer,Global Capability Expansion,U62020KA2025FTC202721,,,,,,,,,,https://gccindex.in/company/ebay,https://www.ebay.com/
ebm-papst,Chennai,Manufacturing & Industrial,Sustainability & Energy Transition,—,,,,,,,,,,https://gccindex.in/company/ebmpapst,https://www.ebmpapst.com/
Edwards Lifesciences,Pune,Healthcare & Life Sciences,Global Capability Expansion,U62099PN2026FTC257143,,,,,,,,,,https://gccindex.in/company/edwards-lifesciences,https://www.edwards.com/
"Eisai Co., Ltd.",Visakhapatnam,Healthcare & Life Sciences,Talent & Workforce Development,—,,,,,,,,,,https://gccindex.in/company/eisai-co,https://www.eisai.com/
EisnerAmper,Mumbai,Consulting & Professional Services,Innovation & R&D,—,,,,,,,,,,https://gccindex.in/company/eisneramper,https://www.eisneramper.com/
Eli Lilly and Company (India),Hyderabad,Healthcare & Life Sciences,Global Capability Expansion,—,,,,,,,,,,https://gccindex.in/company/eli-lilly-and-company-india,https://www.lilly.com/
Emerson,Bengaluru,Manufacturing & Industrial,Innovation & R&D,—,,,,,,,,,,https://gccindex.in/company/emerson,https://www.emerson.com/
Entain,Hyderabad,Retail & Consumer,Global Capability Expansion,—,,,,,,,,,,https://gccindex.in/company/entain,https://www.entaingroup.com/
Ericsson,Bengaluru,Telecom & Media,Global Capability Expansion,—,,,,,,,,,,https://gccindex.in/company/ericsson,https://www.ericsson.com/
Evergent Technologies,Hyderabad,Technology & Software,Global Capability Expansion,—,,,,,,,,,,https://gccindex.in/company/evergent,https://www.evergent.com/
Facebook India Online Services Pvt Ltd,Hyderabad,Technology & Software,Global Capability Expansion,—,,,,,,,,,,https://gccindex.in/company/facebook-india-online,https://about.meta.com/
Fastly,Pune,Technology & Software,Global Capability Expansion,—,,,,,,,,,,https://gccindex.in/company/fastly,https://www.fastly.com/
Ferguson,Bengaluru,Manufacturing & Industrial,Innovation & R&D,U63111UP2025FTC216813,,,,,,,,,,https://gccindex.in/company/ferguson,https://www.ferguson.com/
Festo,Bengaluru,Manufacturing & Industrial,AI & Advanced Technology,—,,,,,,,,,,https://gccindex.in/company/festo,https://www.festo.com/
Fidelity Investments,Bengaluru,Financial Services,Global Capability Expansion,—,,,,,,,,,,https://gccindex.in/company/fidelity-investments,https://www.fidelity.com/
Findability Sciences,Mumbai,Consulting & Professional Services,Global Capability Expansion,—,,,,,,,,,,https://gccindex.in/company/findability-sciences,https://www.findability.ai/
First Citizens Bank,Bengaluru,Financial Services,Talent & Workforce Development,—,,,,,,,,,,https://gccindex.in/company/first-citizens-bank,https://www.firstcitizens.com/
FIS,"Bengaluru, Chennai",Financial Services,Innovation & R&D,—,,,,,,,,,,https://gccindex.in/company/fis,https://www.fisglobal.com/
Fluidra,Pune,Manufacturing & Industrial,Global Capability Expansion,—,,,,,,,,,,https://gccindex.in/company/fluidra,https://www.fluidra.com/
Flutter Entertainment,Hyderabad,Retail & Consumer,Global Capability Expansion,—,,,,,,,,,,https://gccindex.in/company/flutter-entertainment,https://www.flutter.com/
Ford Business Solutions,"Bengaluru, Coimbatore",Manufacturing & Industrial,Global Capability Expansion,—,,,,,,,,,,https://gccindex.in/company/ford-business,https://www.ford.com/
Fortuna Entertainment Group,Hyderabad,Retail & Consumer,Global Capability Expansion,—,,,,,,,,,,https://gccindex.in/company/fortuna-entertainment,https://feg.eu/
Fresenius Medical Care,Bengaluru,Healthcare & Life Sciences,Global Capability Expansion,U82110KA2025FTC206373,,,,,,,,,,https://gccindex.in/company/fresenius-medical-care,https://www.freseniusmedicalcare.com/
Fuel Cycle,Mumbai,Technology & Software,Innovation & R&D,—,,,,,,,,,,https://gccindex.in/company/fuel-cycle,https://fuelcycle.com/
Generac,Pune,Manufacturing & Industrial,Global Capability Expansion,—,,,,,,,,,,https://gccindex.in/company/generac,https://www.generac.com/
GI Outsourcing,Hyderabad,Consulting & Professional Services,Innovation & R&D,—,,,,,,,,,,https://gccindex.in/company/gi-outsourcing,https://www.gioutsourcing.com/
GlobalFoundries,Kolkata,Semiconductors & Electronics,Global Capability Expansion,—,,,,,,,,,,https://gccindex.in/company/globalfoundries,https://www.gf.com/
GlobalLogic,Chennai,Technology & Software,Global Capability Expansion,—,,,,,,,,,,https://gccindex.in/company/globallogic,https://www.globallogic.com/
Google,"Hyderabad, Bengaluru",Technology & Software,Global Capability Expansion,—,,,,,,,,,,https://gccindex.in/company/google,https://about.google/
Gradiant,Coimbatore,Energy & Utilities,Global Capability Expansion,—,,,,,,,,,,https://gccindex.in/company/gradiant,https://www.gradiant.com/
Graphcore,Bengaluru,Semiconductors & Electronics,Innovation & R&D,—,,,,,,,,,,https://gccindex.in/company/graphcore,https://www.graphcore.ai/
Greif,Chennai,Manufacturing & Industrial,Global Capability Expansion,—,,,,,,,,,,https://gccindex.in/company/greif,https://www.greif.com/
Guidehouse,Hyderabad,Consulting & Professional Services,Global Capability Expansion,—,,,,,,,,,,https://gccindex.in/company/guidehouse,https://guidehouse.com/
Guidewire,Bengaluru,Technology & Software,Digital Transformation,—,,,,,,,,,,https://gccindex.in/company/guidewire,https://www.guidewire.com/
Harvey AI,Bengaluru,Technology & Software,Global Capability Expansion,U62011KA2025FTC210719,,,,,,,,,,https://gccindex.in/company/harvey-ai,https://www.harvey.ai/
HCA Healthcare,Hyderabad,Healthcare & Life Sciences,Innovation & R&D,U62099TS2023FTC179791,,,,,,,,,,https://gccindex.in/company/hca-healthcare,https://hcahealthcare.com/
HEINEKEN,Hyderabad,Retail & Consumer,Global Capability Expansion,U82990TS2025FTC200339,,,,,,,,,,https://gccindex.in/company/heineken,https://www.theheinekencompany.com/
Hexadex,Pune,Manufacturing & Industrial,Global Capability Expansion,U70200PN2026FTC255187,,,,,,,,,,https://gccindex.in/company/hexadex,https://hexadex.com/
Hitachi Energy,Chennai,Energy & Utilities,Innovation & R&D,U82990DL2025FTC441264,,,,,,,,,,https://gccindex.in/company/hitachi-energy,https://www.hitachienergy.com/
HMH Tech India,Pune,Technology & Software,Global Capability Expansion,—,,,,,,,,,,https://gccindex.in/company/hmh-tech-india,https://www.hmhco.com/
Honeywell,Bengaluru,Manufacturing & Industrial,Global Capability Expansion,U62020KA2025FTC205745,,,,,,,,,,https://gccindex.in/company/honeywell,https://www.honeywell.com/
House of Shipping,Chennai,Logistics & Transportation,Global Capability Expansion,—,,,,,,,,,,https://gccindex.in/company/house-of-shipping,https://houseofshipping.com/
HSBC,Hyderabad,Financial Services,Innovation & R&D,—,,,,,,,,,,https://gccindex.in/company/hsbc,https://www.hsbc.com/
Hyland,Hyderabad,Technology & Software,Global Capability Expansion,—,,,,,,,,,,https://gccindex.in/company/hyland,https://www.hyland.com/
Illumia,Chennai,Healthcare & Life Sciences,Innovation & R&D,—,,,,,,,,,,https://gccindex.in/company/illumia,https://illumiatech.com/
Imagine Learning,Bengaluru,Technology & Software,Innovation & R&D,U62013KA2026FTC218878,,,,,,,,,,https://gccindex.in/company/imagine-learning,https://www.imaginelearning.com/
Infineon Technologies,Ahmedabad,Semiconductors & Electronics,Innovation & R&D,—,,,,,,,,,,https://gccindex.in/company/infineon,https://www.infineon.com/
Innocean,Bengaluru,Consulting & Professional Services,AI & Advanced Technology,—,,,,,,,,,,https://gccindex.in/company/innocean,https://www.innocean.com/
Insight Global,Hyderabad,Consulting & Professional Services,Talent & Workforce Development,—,,,,,,,,,,https://gccindex.in/company/insight,https://www.insightglobal.com/
Intercontinental Exchange,Pune,Financial Services,Global Capability Expansion,—,,,,,,,,,,https://gccindex.in/company/intercontinental-exchange,https://www.ice.com/
InvoiceCloud,Hyderabad,Financial Services,AI & Advanced Technology,U62099TS2024FTC186949,,,,,,,,,,https://gccindex.in/company/invoicecloud,https://invoicecloud.net/
IQ-EQ,Hyderabad,Financial Services,Global Capability Expansion,—,,,,,,,,,,https://gccindex.in/company/iq-eq,https://iqeq.com/
isolved,Hyderabad,Technology & Software,Global Capability Expansion,U62099TS2026FTC212049,,,,,,,,,,https://gccindex.in/company/isolved,https://www.isolved.com/
Itineris,Hyderabad,Technology & Software,Global Capability Expansion,U62099TS2025FTC207141,,,,,,,,,,https://gccindex.in/company/itineris,https://itineris.net/
JAGGAER,Hyderabad,Technology & Software,AI & Advanced Technology,—,,,,,,,,,,https://gccindex.in/company/jaggaer,https://www.jaggaer.com/
JLL,Hyderabad,Real Estate & Infrastructure,Global Capability Expansion,—,,,,,,,,,,https://gccindex.in/company/jll,https://www.jll.com/
Johnson & Johnson,Hyderabad,Healthcare & Life Sciences,Talent & Workforce Development,—,,,,,,,,,,https://gccindex.in/company/johnson-johnson,https://www.jnj.com/
JP Morgan,Mumbai,Financial Services,Global Capability Expansion,F07017,,,,,,,,,,https://gccindex.in/company/jp-morgan,https://www.jpmorgan.com/
JPMorgan Chase,Hyderabad,Financial Services,Global Capability Expansion,—,,,,,,,,,,https://gccindex.in/company/jpmorgan-chase,https://www.jpmorganchase.com/
Julius Baer,Mumbai,Financial Services,Operational Efficiency,U70200MH2025FTC443293,,,,,,,,,,https://gccindex.in/company/julius-baer,https://www.juliusbaer.com/
KLA Corp,Chennai,Semiconductors & Electronics,Global Capability Expansion,U33130TN2025FTC186129,,,,,,,,,,https://gccindex.in/company/kla,https://www.kla.com/
Kraft Heinz,Bengaluru,Food & Agriculture,Global Capability Expansion,—,,,,,,,,,,https://gccindex.in/company/kraft-heinz,https://www.kraftheinz.com/
L'Oréal,Hyderabad,Retail & Consumer,Digital Transformation,—,,,,,,,,,,https://gccindex.in/company/loreal,https://www.loreal.com/en/india/
Ladera Technology,Bengaluru,Technology & Software,Innovation & R&D,—,,,,,,,,,,https://gccindex.in/company/ladera,https://laderatechnology.com/
Leidos,Pune,Aerospace & Defense,Global Capability Expansion,—,,,,,,,,,,https://gccindex.in/company/leidos,https://www.leidos.com/
Lennox,Chennai,Manufacturing & Industrial,Sustainability & Energy Transition,—,,,,,,,,,,https://gccindex.in/company/lennox,https://www.lennox.com/
Lexitas,Chennai,Consulting & Professional Services,Innovation & R&D,U62099TN2024FTC171755,,,,,,,,,,https://gccindex.in/company/lexitas,https://www.lexitaslegal.com/
LG Corporation,Noida,Manufacturing & Industrial,Global Capability Expansion,—,,,,,,,,,,https://gccindex.in/company/lg-corporation,https://www.lg.com/
Liebherr,Pune,Manufacturing & Industrial,Global Capability Expansion,—,,,,,,,,,,https://gccindex.in/company/liebherr,https://www.liebherr.com/
Linde-Wiemann,Gurugram,Manufacturing & Industrial,Global Capability Expansion,—,,,,,,,,,,https://gccindex.in/company/lindewiemann,https://www.linde-wiemann.com/
Litmos,Pune,Technology & Software,Innovation & R&D,—,,,,,,,,,,https://gccindex.in/company/litmos,https://www.litmos.com/
LiveRamp,Hyderabad,Technology & Software,Global Capability Expansion,—,,,,,,,,,,https://gccindex.in/company/liveramp,https://liveramp.com/
Lonza Group,Hyderabad,Healthcare & Life Sciences,Global Capability Expansion,U62099TS2025FTC203333,,,,,,,,,,https://gccindex.in/company/lonza,https://www.lonza.com/
Lowe's,Bengaluru,Retail & Consumer,Innovation & R&D,U62099KA2025FTC198037,,,,,,,,,,https://gccindex.in/company/lowes,https://corporate.lowes.com/
LPL Financial,Hyderabad,Financial Services,Global Capability Expansion,—,,,,,,,,,,https://gccindex.in/company/lpl-financial,https://www.lpl.com/
Lufthansa,Bengaluru,Logistics & Transportation,Global Capability Expansion,U62099KA2025FTC210433,,,,,,,,,,https://gccindex.in/company/lufthansa,https://www.lufthansagroup.com/
Magnum Ice Cream Company,"Bengaluru, Pune",Retail & Consumer,"Innovation & R&D, Global Capability Expansion",U74909MH2025FTC446209,,,,,,,,,,https://gccindex.in/company/magnum-ice-cream-company,https://corporate.magnumicecream.com/
MANN+HUMMEL,Tumkur,Manufacturing & Industrial,Innovation & R&D,—,,,,,,,,,,https://gccindex.in/company/mannhummel,https://www.mann-hummel.com/
Marriott International,Hyderabad,Retail & Consumer,Innovation & R&D,—,,,,,,,,,,https://gccindex.in/company/marriott-international,https://www.marriott.com/
Mattel,Hyderabad,Retail & Consumer,Innovation & R&D,—,,,,,,,,,,https://gccindex.in/company/mattel,https://corporate.mattel.com/
Maximus Inc,Hyderabad,Healthcare & Life Sciences,Global Capability Expansion,—,,,,,,,,,,https://gccindex.in/company/maximus,https://www.maximus.com/
McDonald's,Hyderabad,Retail & Consumer,Global Capability Expansion,U63119DL2024FTC438910,,,,,,,,,,https://gccindex.in/company/mcdonalds,https://www.mcdonalds.com/
MedExpert Billing,Chennai,Healthcare & Life Sciences,Global Capability Expansion,—,,,,,,,,,,https://gccindex.in/company/medexpert-billing,https://www.medexpertbilling.com/
Medtronic,Pune,Healthcare & Life Sciences,Innovation & R&D,U62099MH2024FTC430077,,,,,,,,,,https://gccindex.in/company/medtronic,https://www.medtronic.com/
Meltwater,Hyderabad,Technology & Software,Global Capability Expansion,—,,,,,,,,,,https://gccindex.in/company/meltwater,https://www.meltwater.com/
Merck,Bengaluru,Healthcare & Life Sciences,Global Capability Expansion,—,,,,,,,,,,https://gccindex.in/company/merck,https://www.merckgroup.com/
METRO AG,Pune,Retail & Consumer,Innovation & R&D,—,,,,,,,,,,https://gccindex.in/company/metro,https://www.metroag.de/
Miamin Systems,Hyderabad,Technology & Software,Global Capability Expansion,—,,,,,,,,,,https://gccindex.in/company/miamin,https://miamincorp.com/
Microchip Technology,Bengaluru,Semiconductors & Electronics,Global Capability Expansion,—,,,,,,,,,,https://gccindex.in/company/microchip,https://www.microchip.com/
Milacron,Coimbatore,Manufacturing & Industrial,Innovation & R&D,—,,,,,,,,,,https://gccindex.in/company/milacron,https://www.milacron.com/
Mindsprint,Chennai,Technology & Software,Global Capability Expansion,—,,,,,,,,,,https://gccindex.in/company/mindsprint,https://www.mindsprint.com/
MindZvue,Pune,Consulting & Professional Services,Global Capability Expansion,—,,,,,,,,,,https://gccindex.in/company/mindzvue,https://www.mindzvue.com/
Mizuho,Pune,Financial Services,Digital Transformation,—,,,,,,,,,,https://gccindex.in/company/mizuho,https://www.mizuhogroup.com/
MKS,Bengaluru,Semiconductors & Electronics,Innovation & R&D,—,,,,,,,,,,https://gccindex.in/company/mks,https://www.mks.com/
Morgan Stanley,Bengaluru,Financial Services,Global Capability Expansion,—,,,,,,,,,,https://gccindex.in/company/morgan-stanley,https://www.morganstanley.com/
MSD,Hyderabad,Healthcare & Life Sciences,Global Capability Expansion,U62099TS2025FTC198952,,,,,,,,,,https://gccindex.in/company/msd,https://www.msd.com/
"N-able, Inc.",Bengaluru,Technology & Software,Global Capability Expansion,U62013KA2024FTC196072,,,,,,,,,,https://gccindex.in/company/nable,https://www.n-able.com/
Nasuni,Hyderabad,Technology & Software,Innovation & R&D,U62099TS2025FTC201666,,,,,,,,,,https://gccindex.in/company/nasuni,https://www.nasuni.com/
Nationwide,Hyderabad,Financial Services,Talent & Workforce Development,U63999TS2025FTC197561,,,,,,,,,,https://gccindex.in/company/nationwide,https://www.nationwide.com/
Natus Sensory,Bengaluru,Healthcare & Life Sciences,Innovation & R&D,—,,,,,,,,,,https://gccindex.in/company/natus-sensory,https://natussensory.com/
NatWest,Bengaluru,Financial Services,Global Capability Expansion,—,,,,,,,,,,https://gccindex.in/company/natwest,https://www.natwestgroup.com/
Nemetschek Group,Hyderabad,Technology & Software,Innovation & R&D,—,,,,,,,,,,https://gccindex.in/company/nemetschek,https://www.nemetschek.com/
Netflix,Hyderabad,Telecom & Media,Global Capability Expansion,—,,,,,,,,,,https://gccindex.in/company/netflix,https://www.netflix.com/
Netsmart,Bengaluru,Healthcare & Life Sciences,Global Capability Expansion,U62099KA2025FTC201022,,,,,,,,,,https://gccindex.in/company/netsmart,https://www.ntst.com/
NLB Services,Mumbai,Consulting & Professional Services,Sustainability & Energy Transition,—,,,,,,,,,,https://gccindex.in/company/nlb,https://www.nlbservices.com/
Novartis,Hyderabad,Healthcare & Life Sciences,Innovation & R&D,—,,,,,,,,,,https://gccindex.in/company/novartis,https://www.novartis.com/
NTT DATA Business Solutions,Visakhapatnam,Technology & Software,Innovation & R&D,—,,,,,,,,,,https://gccindex.in/company/ntt-data-business-solutions,https://nttdata-solutions.com/
Oaktree Capital,Hyderabad,Financial Services,Talent & Workforce Development,—,,,,,,,,,,https://gccindex.in/company/oaktree-capital,https://www.oaktreecapital.com/
Octave,Hyderabad,Technology & Software,Global Capability Expansion,—,,,,,,,,,,https://gccindex.in/company/octave,https://www.octave.com/
Omnicom Group,Hyderabad,Consulting & Professional Services,Innovation & R&D,—,,,,,,,,,,https://gccindex.in/company/omnicom,https://www.omnicomgroup.com/
OneMagnify,Chennai,Retail & Consumer,Global Capability Expansion,—,,,,,,,,,,https://gccindex.in/company/onemagnify,https://www.onemagnify.com/
Optimum Solutions,Hyderabad,Consulting & Professional Services,Global Capability Expansion,—,,,,,,,,,,https://gccindex.in/company/optimum,https://theoptimum.net/
Orbia,Pune,Manufacturing & Industrial,Sustainability & Energy Transition,U62099PN2025FTC242511,,,,,,,,,,https://gccindex.in/company/orbia,https://www.orbia.com/
Orion Innovation,Pune,Consulting & Professional Services,Innovation & R&D,—,,,,,,,,,,https://gccindex.in/company/orion-innovation,https://www.orioninc.com/
Otto Group,Hyderabad,Retail & Consumer,Global Capability Expansion,—,,,,,,,,,,https://gccindex.in/company/otto-group,https://www.ottogroup.com/
Payoneer,Gurugram,Financial Services,Innovation & R&D,U62099KA2024FTC186709,,,,,,,,,,https://gccindex.in/company/payoneer,https://www.payoneer.com/
Pegasystems,Bengaluru,Technology & Software,Global Capability Expansion,—,,,,,,,,,,https://gccindex.in/company/pegasystems,https://www.pega.com/
Pioneer India,Bengaluru,Manufacturing & Industrial,Global Capability Expansion,—,,,,,,,,,,https://gccindex.in/company/pioneer-india,https://pioneer-india.in/
ProductSquads,Hyderabad,Technology & Software,Innovation & R&D,—,,,,,,,,,,https://gccindex.in/company/productsquads,https://www.productsquads.com/
Progress Software,Bengaluru,Technology & Software,Global Capability Expansion,—,,,,,,,,,,https://gccindex.in/company/progress-software,https://www.progress.com/
Proofpoint,Hyderabad,Technology & Software,Innovation & R&D,—,,,,,,,,,,https://gccindex.in/company/proofpoint,https://www.proofpoint.com/
Protolabs,Hyderabad,Manufacturing & Industrial,Global Capability Expansion,U62090TS2026FTC214883,,,,,,,,,,https://gccindex.in/company/protolabs,https://www.protolabs.com/
Providence Health,Hyderabad,Healthcare & Life Sciences,Global Capability Expansion,—,,,,,,,,,,https://gccindex.in/company/providence-health,https://www.providence.org/
Proximus,Bengaluru,Telecom & Media,Innovation & R&D,U70200KA2025FTC197078,,,,,,,,,,https://gccindex.in/company/proximus,https://www.proximus.com/
Prudential Financial,Gurugram,Financial Services,Talent & Workforce Development,U82990HR2025FTC139816,PFI INDIA INNOVATION CENTER PRIVATE LIMITED,U82990HR2025FTC139816,2025-12-24,Active,haryana,91,82990.0,"Community, personal and Social Services","Office No. 05-156 WeWork Forum,Cybercity DLF, Phase 3,Dlf Qe,Gurgaon,Haryana,122002-India",https://gccindex.in/company/prudential-financial,https://www.prudential.com/
PwC India,Nagpur,Consulting & Professional Services,Global Capability Expansion,—,,,,,,,,,,https://gccindex.in/company/pwc-india,https://www.pwc.in/
R Systems,Mangaluru,Consulting & Professional Services,Global Capability Expansion,—,,,,,,,,,,https://gccindex.in/company/r,https://www.rsystems.com/
RakSul,Bengaluru,Technology & Software,Innovation & R&D,U62099KA2026FTC217538,,,,,,,,,,https://gccindex.in/company/raksul,https://raksul.com/
Rakuten,Bengaluru,Retail & Consumer,Innovation & R&D,—,,,,,,,,,,https://gccindex.in/company/rakuten,https://global.rakuten.com/corp/
Rapid7,Pune,Technology & Software,Global Capability Expansion,—,,,,,,,,,,https://gccindex.in/company/rapid7,https://www.rapid7.com/
Reckitt,Hyderabad,Retail & Consumer,Global Capability Expansion,—,,,,,,,,,,https://gccindex.in/company/reckitt,https://www.reckitt.com/
Redwood Software,Hyderabad,Technology & Software,Global Capability Expansion,U62099TS2025FTC196471,,,,,,,,,,https://gccindex.in/company/redwood-software,https://www.redwood.com/
Regeneron Pharmaceuticals,Hyderabad,Healthcare & Life Sciences,Global Capability Expansion,—,,,,,,,,,,https://gccindex.in/company/regeneron-pharmaceuticals,https://www.regeneron.com/
Reltio,Bengaluru,Technology & Software,Global Capability Expansion,—,,,,,,,,,,https://gccindex.in/company/reltio,https://www.reltio.com/
Reveleer,Chennai,Healthcare & Life Sciences,Innovation & R&D,U62099TN2025FTC176204,,,,,,,,,,https://gccindex.in/company/reveleer,https://www.reveleer.com/
Riveron,Bengaluru,Consulting & Professional Services,Global Capability Expansion,—,,,,,,,,,,https://gccindex.in/company/riveron,https://riveron.com/
Rolls-Royce,Bengaluru,Aerospace & Defense,Innovation & R&D,—,,,,,,,,,,https://gccindex.in/company/rollsroyce,https://www.rolls-royce.com/
S&P Global,Gurugram,Financial Services,Global Capability Expansion,—,,,,,,,,,,https://gccindex.in/company/sp-global,https://www.spglobal.com/
Samsung India Electronics,Chennai,Semiconductors & Electronics,Operational Efficiency,—,,,,,,,,,,https://gccindex.in/company/samsung-india-electronics,https://www.samsung.com/in/
Sandvik,Pune,Manufacturing & Industrial,Sustainability & Energy Transition,—,,,,,,,,,,https://gccindex.in/company/sandvik,https://www.home.sandvik/
Sanofi,Hyderabad,Healthcare & Life Sciences,Global Capability Expansion,—,,,,,,,,,,https://gccindex.in/company/sanofi,https://www.sanofi.com/
SAP Labs India,Bengaluru,Technology & Software,Innovation & R&D,—,,,,,,,,,,https://gccindex.in/company/sap-labs-india,https://www.sap.com/
Saptharushi India,Bengaluru,Technology & Software,Global Capability Expansion,—,,,,,,,,,,https://gccindex.in/company/saptharushi-india,https://saptharushi.com/
Saviynt,Bengaluru,Technology & Software,Innovation & R&D,—,,,,,,,,,,https://gccindex.in/company/saviynt,https://www.saviynt.com/
SBM Offshore,Bengaluru,Energy & Utilities,Talent & Workforce Development,—,,,,,,,,,,https://gccindex.in/company/sbm-offshore,https://www.sbmoffshore.com/
Schmersal,Pune,Manufacturing & Industrial,Innovation & R&D,—,,,,,,,,,,https://gccindex.in/company/schmersal,https://www.schmersal.com/
Serko,Bengaluru,Technology & Software,Global Capability Expansion,—,,,,,,,,,,https://gccindex.in/company/serko,https://www.serko.com/
SES,Chennai,Telecom & Media,Global Capability Expansion,—,,,,,,,,,,https://gccindex.in/company/ses,https://www.ses.com/
Silicon Labs,Hyderabad,Semiconductors & Electronics,Global Capability Expansion,—,,,,,,,,,,https://gccindex.in/company/silicon-labs,https://www.silabs.com/
Sirva,Bengaluru,Logistics & Transportation,Global Capability Expansion,—,,,,,,,,,,https://gccindex.in/company/sirva,https://www.sirva.com/
SKF,Pune,Manufacturing & Industrial,Global Capability Expansion,—,,,,,,,,,,https://gccindex.in/company/skf,https://www.skf.com/
Skillz,Bengaluru,Technology & Software,Global Capability Expansion,U63999KA2026FTC221469,,,,,,,,,,https://gccindex.in/company/skillz,https://www.skillz.com/
Smartsheet,Bengaluru,Technology & Software,Global Capability Expansion,U62090KA2025FTC199227,,,,,,,,,,https://gccindex.in/company/smartsheet,https://www.smartsheet.com/
Snowflake,Pune,Technology & Software,Global Capability Expansion,—,,,,,,,,,,https://gccindex.in/company/snowflake,https://www.snowflake.com/
SolarEdge Technologies,Bengaluru,Energy & Utilities,Global Capability Expansion,—,,,,,,,,,,https://gccindex.in/company/solaredge,https://www.solaredge.com/
Sonatype,Hyderabad,Technology & Software,Global Capability Expansion,U62099TS2025FTC197345,,,,,,,,,,https://gccindex.in/company/sonatype,https://www.sonatype.com/
Sonny's Enterprises,Pune,Manufacturing & Industrial,Innovation & R&D,—,,,,,,,,,,https://gccindex.in/company/sonnys-enterprises,https://www.sonnysdirect.com/
Sonoco,Hyderabad,Manufacturing & Industrial,"Global Capability Expansion, AI & Advanced Technology",U62099TS2024FTC192439,,,,,,,,,,https://gccindex.in/company/sonoco,https://www.sonoco.com/
Southwest Airlines,Hyderabad,Logistics & Transportation,Innovation & R&D,U62099TS2025FTC206009,,,,,,,,,,https://gccindex.in/company/southwest-airlines,https://www.southwest.com/
StarRez,Hyderabad,Consulting & Professional Services,Innovation & R&D,U62099TS2025FTC197153,,,,,,,,,,https://gccindex.in/company/starrez,https://www.starrez.com/
State Bank of India,Bengaluru,Financial Services,Global Capability Expansion,—,,,,,,,,,,https://gccindex.in/company/state-bank-of-india,https://www.sbi.co.in/
Stolt-Nielsen,Hyderabad,Logistics & Transportation,Innovation & R&D,U62099TS2025FTC207427,,,,,,,,,,https://gccindex.in/company/stoltnielsen,https://www.stolt-nielsen.com/
Stryker,Bengaluru,Healthcare & Life Sciences,Innovation & R&D,—,,,,,,,,,,https://gccindex.in/company/stryker,https://www.stryker.com/
Sumitomo Mitsui Banking Corporation,Chennai,Financial Services,Global Capability Expansion,U62099TN2025FTC181192,,,,,,,,,,https://gccindex.in/company/sumitomo-mitsui-banking-corporation,https://www.smbcgroup.com/
Syensqo,Pune,Manufacturing & Industrial,Global Capability Expansion,—,,,,,,,,,,https://gccindex.in/company/syensqo,https://www.syensqo.com/
Syneos Health,Hyderabad,Healthcare & Life Sciences,Global Capability Expansion,—,,,,,,,,,,https://gccindex.in/company/syneos-health,https://www.syneoshealth.com/
Syneriq Global,Hyderabad,Consulting & Professional Services,Global Capability Expansion,—,,,,,,,,,,https://gccindex.in/company/syneriq,https://syneriqglobal.com/
Syngenta,Pune,Food & Agriculture,Innovation & R&D,—,,,,,,,,,,https://gccindex.in/company/syngenta,https://www.syngenta.com/
T-Mobile USA,Hyderabad,Telecom & Media,Innovation & R&D,—,,,,,,,,,,https://gccindex.in/company/tmobile-usa,https://www.t-mobile.com/
Target Corporation,Bengaluru,Retail & Consumer,Global Capability Expansion,U78300GJ2025FTC159039,,,,,,,,,,https://gccindex.in/company/target-corporation,https://corporate.target.com/
Tazapay,Bengaluru,Financial Services,Global Capability Expansion,—,,,,,,,,,,https://gccindex.in/company/tazapay,https://www.tazapay.com/
Tenthpin,Pune,Consulting & Professional Services,Innovation & R&D,—,,,,,,,,,,https://gccindex.in/company/tenthpin,https://www.tenthpin.com/
TestingXperts,Hyderabad,Technology & Software,Global Capability Expansion,—,,,,,,,,,,https://gccindex.in/company/testingxperts,https://www.testingxperts.com/
Texas Instruments,Bengaluru,Semiconductors & Electronics,Global Capability Expansion,—,,,,,,,,,,https://gccindex.in/company/texas-instruments,https://www.ti.com/
Thales,Bengaluru,Aerospace & Defense,Innovation & R&D,—,,,,,,,,,,https://gccindex.in/company/thales,https://www.thalesgroup.com/
The Hartford,Hyderabad,Financial Services,Global Capability Expansion,U62099TS2025FTC202536,,,,,,,,,,https://gccindex.in/company/the-hartford,https://www.thehartford.com/
The Standard,"Pune, Bengaluru",Financial Services,"Innovation & R&D, Global Capability Expansion",—,,,,,,,,,,https://gccindex.in/company/the-standard,https://www.standard.com/
Theom,Hyderabad,Technology & Software,Global Capability Expansion,—,,,,,,,,,,https://gccindex.in/company/theom,https://www.theom.ai/
Thermo Fisher Scientific,Bengaluru,Healthcare & Life Sciences,Innovation & R&D,—,,,,,,,,,,https://gccindex.in/company/thermo-fisher-scientific,https://www.thermofisher.com/
Toast,Bengaluru,Technology & Software,Global Capability Expansion,—,,,,,,,,,,https://gccindex.in/company/toast,https://www.toasttab.com/
"TOYO Engineering Corporation and MODEC, Inc.",Bengaluru,Manufacturing & Industrial,Innovation & R&D,—,,,,,,,,,,https://gccindex.in/company/toyo-engineering-corporation-and-modec,https://www.toyo-eng.com/in/en/
Toyota Motor Corporation,Bengaluru,Manufacturing & Industrial,Global Capability Expansion,U45100KA2024FTC192055,,,,,,,,,,https://gccindex.in/company/toyota-motor-corporation,https://global.toyota/
Tredence,Hyderabad,Technology & Software,Global Capability Expansion,—,,,,,,,,,,https://gccindex.in/company/tredence,https://www.tredence.com/
TruBridge,Chennai,Healthcare & Life Sciences,Global Capability Expansion,—,,,,,,,,,,https://gccindex.in/company/trubridge,https://www.trubridge.com/
Truist Financial Corporation,Hyderabad,Financial Services,Global Capability Expansion,—,,,,,,,,,,https://gccindex.in/company/truist-financial-corporation,https://www.truist.com/
Truveta,Hyderabad,Healthcare & Life Sciences,Global Capability Expansion,U62099TS2026FTC212548,,,,,,,,,,https://gccindex.in/company/truveta,https://www.truveta.com/
TVH India,Pune,Manufacturing & Industrial,Global Capability Expansion,—,,,,,,,,,,https://gccindex.in/company/tvh-india,https://www.tvh.com/
TVS Motor Company,Mysuru,Manufacturing & Industrial,Innovation & R&D,—,,,,,,,,,,https://gccindex.in/company/tvs-motor-company,https://www.tvsmotor.com/
UBS,Hyderabad,Financial Services,Global Capability Expansion,F06877,,,,,,,,,,https://gccindex.in/company/ubs,https://www.ubs.com/
Under Armour,Bengaluru,Retail & Consumer,Global Capability Expansion,U82990KA2026FTC216300,,,,,,,,,,https://gccindex.in/company/under-armour,https://www.underarmour.com/
Unipart,Pune,Logistics & Transportation,Global Capability Expansion,—,,,,,,,,,,https://gccindex.in/company/unipart,https://www.unipart.com/
UPS,Chennai,Logistics & Transportation,Global Capability Expansion,—,,,,,,,,,,https://gccindex.in/company/ups,https://www.ups.com/
Vanderlande,Pune,Manufacturing & Industrial,AI & Advanced Technology,—,,,,,,,,,,https://gccindex.in/company/vanderlande,https://www.vanderlande.com/
Vanguard,Hyderabad,Financial Services,Innovation & R&D,—,,,,,,,,,,https://gccindex.in/company/vanguard,https://corporate.vanguard.com/
Velir,Jaipur,Consulting & Professional Services,Global Capability Expansion,—,,,,,,,,,,https://gccindex.in/company/velir,https://www.velir.com/
Veradigm,Pune,Healthcare & Life Sciences,Global Capability Expansion,—,,,,,,,,,,https://gccindex.in/company/veradigm,https://veradigm.com/
VIRA Insight,Hyderabad,Manufacturing & Industrial,Innovation & R&D,—,,,,,,,,,,https://gccindex.in/company/vira-insight,https://virainsight.com/
Voya Financial,Hyderabad,Financial Services,Global Capability Expansion,—,,,,,,,,,,https://gccindex.in/company/voya-financial,https://www.voya.com/
Wacker,Pune,Manufacturing & Industrial,Digital Transformation,—,,,,,,,,,,https://gccindex.in/company/wacker,https://www.wacker.com/
Walmart,Chennai,Retail & Consumer,Innovation & R&D,U70200KA2026FTC219650,,,,,,,,,,https://gccindex.in/company/walmart,https://corporate.walmart.com/
Warner Bros. Discovery,Hyderabad,Telecom & Media,Global Capability Expansion,—,,,,,,,,,,https://gccindex.in/company/warner-bros-discovery,https://www.wbd.com/
Wayfair,Bengaluru,Retail & Consumer,Global Capability Expansion,—,,,,,,,,,,https://gccindex.in/company/wayfair,https://www.wayfair.com/
WEKA,Bengaluru,Technology & Software,Global Capability Expansion,—,,,,,,,,,,https://gccindex.in/company/weka,https://www.weka.io/
Wells Fargo,Bengaluru,Financial Services,Global Capability Expansion,—,,,,,,,,,,https://gccindex.in/company/wells-fargo,https://www.wellsfargo.com/
Welspun,Hyderabad,Manufacturing & Industrial,Digital Transformation,—,,,,,,,,,,https://gccindex.in/company/welspun,https://www.welspun.com/
Western Union,Hyderabad,Financial Services,Innovation & R&D,—,,,,,,,,,,https://gccindex.in/company/western-union,https://www.westernunion.com/
WEX,Bengaluru,Financial Services,Global Capability Expansion,—,,,,,,,,,,https://gccindex.in/company/wex,https://www.wexinc.com/
WirelessCar,Bengaluru,Technology & Software,Innovation & R&D,U62099KA2025FTC210745,,,,,,,,,,https://gccindex.in/company/wirelesscar,https://www.wirelesscar.com/
Wise,Hyderabad,Financial Services,Global Capability Expansion,U82990TS2025FTC208983,,,,,,,,,,https://gccindex.in/company/wise,https://wise.com/
Woodside Energy,Bengaluru,Energy & Utilities,Digital Transformation,—,,,,,,,,,,https://gccindex.in/company/woodside-energy,https://www.woodside.com/
Workato,Hyderabad,Technology & Software,Innovation & R&D,—,,,,,,,,,,https://gccindex.in/company/workato,https://www.workato.com/
Workday,Chennai,Technology & Software,Global Capability Expansion,U62099PN2025FTC241152,,,,,,,,,,https://gccindex.in/company/workday,https://www.workday.com/
Zebra Technologies,Noida,Semiconductors & Electronics,Digital Transformation,—,,,,,,,,,,https://gccindex.in/company/zebra,https://www.zebra.com/
ZEISS,Bengaluru,Manufacturing & Industrial,Global Capability Expansion,—,,,,,,,,,,https://gccindex.in/company/zeiss,https://www.zeiss.com/
Zendesk,Pune,Technology & Software,Innovation & R&D,—,,,,,,,,,,https://gccindex.in/company/zendesk,https://www.zendesk.com/
Zimmer Biomet,Bengaluru,Healthcare & Life Sciences,Digital Transformation,U62099KA2026FTC216359,,,,,,,,,,https://gccindex.in/company/zimmer-biomet,https://www.zimmerbiomet.com/
ZS Associates,"Hyderabad, Bengaluru",Consulting & Professional Services,Innovation & R&D,—,,,,,,,,,,https://gccindex.in/company/zs-associates,https://www.zs.com/
Zurich Insurance Group,Hyderabad,Financial Services,Global Capability Expansion,U82990TS2025FTC207002,,,,,,,,,,https://gccindex.in/company/zurich-insurance,https://www.zurich.com/
