file_name,original_path,category,prototype_module,relevance_status,usefulness_score,recommended_action,reason,organized_copy
Nidhi Scheme for setting up business.pdf,dataset\raw\Nidhi Scheme for setting up business.pdf,low_relevance_noise,Do not use unless needed,low,25,Park as noise,"Generic business scheme, weak fit for GCC Compass MVP.",dataset\organized\07_noise_review\low_relevance_noise\Nidhi Scheme for setting up business.pdf
Dhruva-GCC-Report-2025.pdf,dataset\raw\Dhruva-GCC-Report-2025.pdf,setup_compliance_tax,Build-vs-buy assumptions,high,82,Use now,"Useful for setup, tax, operating model, or compliance framing.",dataset\organized\01_by_category\setup_compliance_tax\Dhruva-GCC-Report-2025.pdf
Establish gcc 2025.pdf,dataset\raw\Establish gcc 2025.pdf,setup_compliance_tax,Build-vs-buy assumptions,high,82,Use now,"Useful for setup, tax, operating model, or compliance framing.",dataset\organized\01_by_category\setup_compliance_tax\Establish gcc 2025.pdf
26-insights-india-office-market-dynamics-q2-2026.pdf,dataset\raw\26-insights-india-office-market-dynamics-q2-2026.pdf,real_estate_city_benchmarking,City benchmarking,high,85,Use now,"Useful for city benchmarking, rents, leasing, vacancy, office demand.",dataset\organized\01_by_category\real_estate_city_benchmarking\26-insights-india-office-market-dynamics-q2-2026.pdf
India_Office_Figures_Q2_2026.pdf,dataset\raw\India_Office_Figures_Q2_2026.pdf,real_estate_city_benchmarking,City benchmarking,high,85,Use now,"Useful for city benchmarking, rents, leasing, vacancy, office demand.",dataset\organized\01_by_category\real_estate_city_benchmarking\India_Office_Figures_Q2_2026.pdf
gcc-driving-indias-real-estate-growth-story-2024-11629.pdf,dataset\raw\gcc-driving-indias-real-estate-growth-story-2024-11629.pdf,misc,City benchmarking,medium,55,Use now,Potentially useful but needs review.,dataset\organized\01_by_category\misc\gcc-driving-indias-real-estate-growth-story-2024-11629.pdf
global-capability-centres-and-india-office-market-landscape-2024-11382.pdf,dataset\raw\global-capability-centres-and-india-office-market-landscape-2024-11382.pdf,real_estate_city_benchmarking,City benchmarking,high,85,Use now,"Useful for city benchmarking, rents, leasing, vacancy, office demand.",dataset\organized\01_by_category\real_estate_city_benchmarking\global-capability-centres-and-india-office-market-landscape-2024-11382.pdf
india-office-market-report-q2-2026.pdf,dataset\raw\india-office-market-report-q2-2026.pdf,real_estate_city_benchmarking,City benchmarking,high,85,Use now,"Useful for city benchmarking, rents, leasing, vacancy, office demand.",dataset\organized\01_by_category\real_estate_city_benchmarking\india-office-market-report-q2-2026.pdf
Minutes 127th BOA for SEZs.pdf,dataset\raw\Minutes 127th BOA for SEZs.pdf,sez_stpi_facility_signals,Facility and cluster signals,high,82,Use now,Official facility/location signal; needs manual mapping to GCC tenants.,dataset\organized\01_by_category\sez_stpi_facility_signals\Minutes 127th BOA for SEZs.pdf
SEZ_Notified 351.pdf,dataset\raw\SEZ_Notified 351.pdf,sez_stpi_facility_signals,Facility and cluster signals,high,82,Use now,Official facility/location signal; needs manual mapping to GCC tenants.,dataset\organized\01_by_category\sez_stpi_facility_signals\SEZ_Notified 351.pdf
Sez_113rd BoA - Agenda.pdf,dataset\raw\Sez_113rd BoA - Agenda.pdf,sez_stpi_facility_signals,Facility and cluster signals,high,82,Use now,Official facility/location signal; needs manual mapping to GCC tenants.,dataset\organized\01_by_category\sez_stpi_facility_signals\Sez_113rd BoA - Agenda.pdf
GCC_Index_All_Companies.xlsx,dataset\raw\GCC_Index_All_Companies.xlsx,company_entity_data,GCC Atlas / entity verification,high,90,Use now,Structured file that can feed the prototype directly.,dataset\organized\01_by_category\company_entity_data\GCC_Index_All_Companies.xlsx
data_gov data.csv,dataset\raw\data_gov data.csv,company_entity_data,GCC Atlas / entity verification,high,90,Use now,Structured file that can feed the prototype directly.,dataset\organized\01_by_category\company_entity_data\data_gov data.csv
flexiple_india_verified_centers.xlsx,dataset\raw\flexiple_india_verified_centers.xlsx,company_entity_data,GCC Atlas / entity verification,high,90,Use now,Structured file that can feed the prototype directly.,dataset\organized\01_by_category\company_entity_data\flexiple_india_verified_centers.xlsx
GCC IN INDIA 2025.pdf,dataset\raw\GCC IN INDIA 2025.pdf,macro_gcc_reports,Overview / market snapshot,high,90,Use now,High-value GCC market report/source.,dataset\organized\01_by_category\macro_gcc_reports\GCC IN INDIA 2025.pdf
gccs-in-india.ashx.pdf,dataset\raw\gccs-in-india.ashx.pdf,macro_gcc_reports,Overview / market snapshot,high,90,Use now,High-value GCC market report/source.,dataset\organized\01_by_category\macro_gcc_reports\gccs-in-india.ashx.pdf
zinnov-nasscom-india-gcc-landscape-report-2026.pdf,dataset\raw\zinnov-nasscom-india-gcc-landscape-report-2026.pdf,macro_gcc_reports,Overview / market snapshot,high,90,Use now,High-value GCC market report/source.,dataset\organized\01_by_category\macro_gcc_reports\zinnov-nasscom-india-gcc-landscape-report-2026.pdf
cognizant-avasant-gcc-services-radarview-2025.pdf,dataset\raw\cognizant-avasant-gcc-services-radarview-2025.pdf,stakeholder_provider_landscape,Stakeholder layer,high,78,Use now,Useful for provider categories and stakeholder ecosystem.,dataset\organized\01_by_category\stakeholder_provider_landscape\cognizant-avasant-gcc-services-radarview-2025.pdf
kpmg-firms-identified-as-a-leader-in-isg-provider-lens-global-capability-center-gcc-services-2025.pdf.coredownload.inline.pdf.pdf,dataset\raw\kpmg-firms-identified-as-a-leader-in-isg-provider-lens-global-capability-center-gcc-services-2025.pdf.coredownload.inline.pdf.pdf,stakeholder_provider_landscape,Stakeholder layer,high,78,Use now,Useful for provider categories and stakeholder ecosystem.,dataset\organized\01_by_category\stakeholder_provider_landscape\kpmg-firms-identified-as-a-leader-in-isg-provider-lens-global-capability-center-gcc-services-2025.pdf.coredownload.inline.pdf.pdf
GCC-SOP_140326.pdf,dataset\raw\GCC-SOP_140326.pdf,state_policy_incentives,State incentives / build-vs-buy,high,88,Use now,Official or policy-adjacent source for state incentives and setup rules.,dataset\organized\01_by_category\state_policy_incentives\GCC-SOP_140326.pdf
Gujarat Global Capability Center.pdf,dataset\raw\Gujarat Global Capability Center.pdf,state_policy_incentives,State incentives / build-vs-buy,high,88,Use now,Official or policy-adjacent source for state incentives and setup rules.,dataset\organized\01_by_category\state_policy_incentives\Gujarat Global Capability Center.pdf
Scheme to promote GCC.pdf,dataset\raw\Scheme to promote GCC.pdf,state_policy_incentives,State incentives / build-vs-buy,high,88,Use now,Official or policy-adjacent source for state incentives and setup rules.,dataset\organized\01_by_category\state_policy_incentives\Scheme to promote GCC.pdf
UP-GCC-Policy_200426.pdf,dataset\raw\UP-GCC-Policy_200426.pdf,state_policy_incentives,State incentives / build-vs-buy,high,88,Use now,Official or policy-adjacent source for state incentives and setup rules.,dataset\organized\01_by_category\state_policy_incentives\UP-GCC-Policy_200426.pdf
UP_GCC-Policy-Eng_050625.pdf,dataset\raw\UP_GCC-Policy-Eng_050625.pdf,state_policy_incentives,State incentives / build-vs-buy,high,88,Use now,Official or policy-adjacent source for state incentives and setup rules.,dataset\organized\01_by_category\state_policy_incentives\UP_GCC-Policy-Eng_050625.pdf
global-cabability-centres-compressed_1.pdf,dataset\raw\global-cabability-centres-compressed_1.pdf,state_policy_incentives,State incentives / build-vs-buy,high,88,Use now,Official or policy-adjacent source for state incentives and setup rules.,dataset\organized\01_by_category\state_policy_incentives\global-cabability-centres-compressed_1.pdf
Screenshot.png,dataset\raw\Screenshot.png,visual_reference,Competitive/product reference,medium,55,Use only for context,"Screenshot/reference image, useful for product comparison only.",dataset\organized\01_by_category\visual_reference\Screenshot.png
2025 Asia Pacific High Tech Total Remuneration Database (TRD).pdf,dataset\raw\2025 Asia Pacific High Tech Total Remuneration Database (TRD).pdf,talent_compensation,Talent and compensation assumptions,medium,70,Use only for context,"Useful for salary-source metadata, but detailed data may be gated.",dataset\organized\01_by_category\talent_compensation\2025 Asia Pacific High Tech Total Remuneration Database (TRD).pdf
