stakeholder_id,name,category,cities_supported,services,proof_points,profile_status,demand_signals_of_interest,confidence_score,source_ids,source_urls,last_checked,notes
STK-NASSCOM,Nasscom,Industry body,India,"Industry reports, council network, ecosystem convening",Co-publishes GCC Landscape with Zinnov,unclaimed,Macro benchmarks; ecosystem research; policy engagement,92,SRC_ZINNOV_GCC_2026_LOCAL,,2026-09-25,Seed stakeholder profile for claim/proof/data contribution flow.
STK-ZINNOV,Zinnov,GCC advisor / research,India; global,"GCC strategy, setup, transformation, benchmarking",Nasscom-Zinnov GCC Landscape; GCC setup offering,unclaimed,Buyer intent for GCC setup/transformation,90,SRC_ZINNOV_GCC_2026_LOCAL,,2026-09-25,Seed stakeholder profile for claim/proof/data contribution flow.
STK-EY,EY India GCC Advisory,Big 4 advisory,India,"GCC strategy, setup, optimization, AI-native GCC advisory",EY GCC services pages and ISG/HFS recognition pages,unclaimed,Qualified advisory demand and setup mandates,84,SRC_EY_GCC_ADVISORY,,2026-09-25,Seed stakeholder profile for claim/proof/data contribution flow.
STK-PWC,PwC India GCC / Digital GCC,Big 4 advisory,India,"Digital GCC, technology consulting, tax and advisory",PwC Digital GCC public page,unclaimed,GCC transformation and tax/compliance demand,84,SRC_PWC_DIGITAL_GCC,,2026-09-25,Seed stakeholder profile for claim/proof/data contribution flow.
STK-KPMG,KPMG India,Big 4 advisory,India,"GCC services, tax, risk, setup and optimization",KPMG ISG Provider Lens GCC Services PDF,unclaimed,Setup/optimization leads,84,SRC_KPMG_ISG_GCC_2025_PDF,,2026-09-25,Seed stakeholder profile for claim/proof/data contribution flow.
STK-DELOITTE,Deloitte India,Big 4 advisory,India,"GCC advisory, tax, strategy, transformation",Deloitte + Embark GCC alliance announcement,unclaimed,Board-level GCC setup interest,84,SRC_DELOITTE_EMBARK,,2026-09-25,Seed stakeholder profile for claim/proof/data contribution flow.
STK-CBRE,CBRE India,Real estate advisor,India metros,"Office leasing, workplace strategy, market research",CBRE office/GCC workplace reports,unclaimed,Office footprint demand by city/team size,86,SRC_CBRE_OFFICE_Q2_2026_PAGE,,2026-09-25,Seed stakeholder profile for claim/proof/data contribution flow.
STK-JLL,JLL India,Real estate advisor,India metros,"Office leasing, GCC workplace advisory, market research",JLL Office Market Dynamics and GCC pages,unclaimed,Tenant demand signals and city shortlist intent,86,SRC_JLL_OFFICE_DYNAMICS_PAGE,,2026-09-25,Seed stakeholder profile for claim/proof/data contribution flow.
STK-KF,Knight Frank India,Real estate research/advisory,India metros,Office market research and leasing advisory,Knight Frank India research reports,unclaimed,City benchmark and office market data,82,SRC_KNIGHT_FRANK_RESEARCH_PAGE,,2026-09-25,Seed stakeholder profile for claim/proof/data contribution flow.
STK-COLLIERS,Colliers India,Real estate advisor,India metros,Office/flex space research and advisory,Colliers India research,unclaimed,Tenant demand and office strategy,80,SRC_COLLIERS_RESEARCH_PAGE,,2026-09-25,Seed stakeholder profile for claim/proof/data contribution flow.
STK-INDUSLAW,IndusLaw,Legal advisor,India,"GCC operating legal guide, entity setup, employment/compliance",Operating a GCC in India 2025 PDF,unclaimed,Legal setup and compliance demand,82,SRC_INDUSLAW_GCC_2025_PDF,,2026-09-25,Seed stakeholder profile for claim/proof/data contribution flow.
STK-DHRUVA,Dhruva Advisors,Tax advisor,India,"Tax, transfer pricing, GCC report",Dhruva GCC Report 2025,unclaimed,Tax/compliance demand for captive setup,82,SRC_DHRUVA_GCC_2025_PDF,,2026-09-25,Seed stakeholder profile for claim/proof/data contribution flow.
STK-STPI,Software Technology Parks of India,Government / regulatory,India,STP/EHTP statutory services and export compliance,STPI statutory services pages,unclaimed,STPI scheme/setup queries,90,SRC_STPI_STATUTORY,,2026-09-25,Seed stakeholder profile for claim/proof/data contribution flow.
STK-INVESTUP,Invest UP,State investment agency,Uttar Pradesh,"UP GCC policy, investment facilitation",UP GCC Policy PDFs,unclaimed,GCC investment/jobs pipeline for UP,88,SRC_UP_GCC_POLICY_2025_PDF,,2026-09-25,Seed stakeholder profile for claim/proof/data contribution flow.
STK-GUJARAT-DST,Government of Gujarat DST,State government,Gujarat,"GCC policy, incentives, skilling support",Gujarat GCC Policy 2025-30,unclaimed,GCC/fintech investment pipeline,88,SRC_GUJARAT_GCC_POLICY_PDF,,2026-09-25,Seed stakeholder profile for claim/proof/data contribution flow.
STK-TN-GOV,Government of Tamil Nadu,State government,Tamil Nadu,Special scheme to promote GCCs,Tamil Nadu GCC scheme PDF,unclaimed,GCC investments in Chennai/Coimbatore,84,SRC_TN_GCC_SCHEME_PDF,,2026-09-25,Seed stakeholder profile for claim/proof/data contribution flow.
STK-MH-GOV,Government of Maharashtra,State government,Maharashtra,GCC policy and IT/ITES policy,Maharashtra GCC Policy 2025,unclaimed,GCC investments in Mumbai/Pune/Nagpur,78,SRC_MAHARASHTRA_GCC_POLICY_PDF,,2026-09-25,Seed stakeholder profile for claim/proof/data contribution flow.
STK-AVASANT,Avasant,Provider analyst,Global,GCC services research / RadarView,Avasant GCC Services RadarView example,unclaimed,Provider evaluation data,75,SRC_AVASANT_GCC_RADARVIEW_2025_PDF,,2026-09-25,Seed stakeholder profile for claim/proof/data contribution flow.
STK-FLEXIPLE,Flexiple,Talent / managed team / GCC enablement,India,"Talent sourcing, payroll, compliance, managed teams, GCC support",Flexiple public GCC pages and directory,owner,High-intent India setup leads,86,SRC_FLEXIPLE_GCC_INDIA_HTML,,2026-09-25,Seed stakeholder profile for claim/proof/data contribution flow.
