assumption_id,module,assumption_name,value_or_range,unit,applies_to,confidence_score,source_ids,source_urls,caveat,last_checked,notes
ASM-MACRO-GCC-COUNT,overview,Current India GCC count,"2,117",GCCs,FY26E macro snapshot,94,SRC_ZINNOV_GCC_2026_LOCAL,,"Current macro figure from Zinnov-Nasscom 2026; older sources use 1,700.",2026-09-25,Use in app with visible assumption/caveat drawer.
ASM-MACRO-UNITS,overview,Current India GCC units,"3,728",units,FY26E macro snapshot,94,SRC_ZINNOV_GCC_2026_LOCAL,,Use as current unit count.,2026-09-25,Use in app with visible assumption/caveat drawer.
ASM-MACRO-TALENT,overview,Installed GCC talent,2.36M,professionals,FY26E macro snapshot,94,SRC_ZINNOV_GCC_2026_LOCAL,,Use as current talent figure.,2026-09-25,Use in app with visible assumption/caveat drawer.
ASM-MACRO-REVENUE,overview,GCC revenue,USD 98.4B,annual revenue,FY26E macro snapshot,94,SRC_ZINNOV_GCC_2026_LOCAL,,Use as current revenue figure.,2026-09-25,Use in app with visible assumption/caveat drawer.
ASM-AI-GCCS,city_compare,India GCCs with AI/ML capability,"1,200+",GCCs,AI/GCC capability indicator,88,SRC_ZINNOV_GCC_2026_LOCAL,,Useful for AI city/product narrative.,2026-09-25,Use in app with visible assumption/caveat drawer.
ASM-AI-COE,city_compare,Dedicated AI/ML CoEs,250+,CoEs,AI/GCC capability indicator,88,SRC_ZINNOV_GCC_2026_LOCAL,,Use as macro AI maturity signal.,2026-09-25,Use in app with visible assumption/caveat drawer.
ASM-BUILD-EOR-SPEED,build_vs_buy,EOR/managed route setup speed,days to weeks,time,EOR/Flexiple-managed team path,62,SRC_DEEL_EOR_INDIA;SRC_FLEXIPLE_GCC_INDIA_HTML,,Directional; provider claims may be biased.,2026-09-25,Use in app with visible assumption/caveat drawer.
ASM-BUILD-ENTITY-TIMELINE,build_vs_buy,Direct entity setup timeline,3-6 months,time,Direct entity/full GCC path,65,SRC_INVEST_INDIA_FAQ_PDF;SRC_INDUSLAW_GCC_2025_PDF,,"Directional; actual setup depends on structure, banking, registrations, lease and compliance.",2026-09-25,Use in app with visible assumption/caveat drawer.
ASM-BUILD-BREAKEVEN,build_vs_buy,EOR vs direct entity break-even,30-50 employees,team size,Route recommendation,50,SRC_INDUSLAW_GCC_2025_PDF;SRC_DHRUVA_GCC_2025_PDF,,Assumption for demo modeling; must be framed as configurable and indicative.,2026-09-25,Use in app with visible assumption/caveat drawer.
ASM-SEZ-CAUTION,city_compare,SEZ location does not equal tax benefit eligibility,needs unit-level verification,caution,SEZ/STPI facility fields,90,SRC_SEZ_NOTIFIED_LIST;SRC_SEZ_BOA_127_MINUTES,,Important product caveat; do not infer incentives from tech park alone.,2026-09-25,Use in app with visible assumption/caveat drawer.
