CIN,CompanyName,CompanyRegistrationdate_date,Registered_Office_Address,CompanyStatus,CompanyStateCode,CompanyIndian/Foreign Company,nic_code,CompanyIndustrialClassification,match_reason
U74999HR2017FTC068855,AIRBNB GLOBAL CAPABILITY CENTER PRIVATE LIMITED,2017-05-01,"241, Udyog Vihar   Phase-1,Gurugram,Gurgaon,Haryana,122016-India",Active,haryana,India,74999.0,Business Services,GLOBAL CAPABILITY;CAPABILITY CENT;CAPABILITY CENTER
U74999HR2021FTC096886,QUALFON ADVANCED TECHNOLOGY CENTER PRIVATE LIMITED,2021-08-06,"AIHP Palms Business Center,Suite 1 B,Palam Road,Gurgaon,Haryana,122015-India",Active,haryana,India,74999.0,Business Services,TECHNOLOGY CENT;TECHNOLOGY CENTER
U72900HR2021FTC120326,KONGSBERG AUTOMOTIVE TECHNOLOGY CENTER INDIA PRIVATE LIMITED,2021-03-20,"Shed No. 1.5, Apeejay Global Industrial & Logistic Park Ltd.,23/5 Milestone Delhi Mathura, Road,Ballabgarh,Faridabad,Haryana,121004-India",Amalgamated,haryana,India,72900.0,Business Services,TECHNOLOGY CENT;TECHNOLOGY CENTER
U31909HR2018PTC074505,VALUETRONICS ELECTRO RESEARCH AND DEVELOPMENT PRIVATE LIMITED,2018-06-12,"279A   ADVOCATE COLONY,HANSI,Hissar,Haryana,125033-India",Active,haryana,India,31909.0,Manufacturing (Machinery and Equipments),RESEARCH AND DEVELOPMENT
U85100HR2012NPL044897,THE PANIPAT TEXTILE MACHINERY CLUSTER DEVELOPMENT CENTRE,2012-01-25,"2729, NEW HOUSING BOARD COLONY,PANIPAT,Haryana,132103-India",Active,haryana,India,85100.0,"Community, personal and Social Services",DEVELOPMENT CENT;DEVELOPMENT CENTRE
U85499HR2025NPL134042,AVYAAN MEMORIAL RESEARCH AND DEVELOPMENT FOUNDATION,2025-07-15,"FLAT NO.- 13-101,THE SERENAS,SECTOR-36,Sohna,Gurgaon,Haryana,122103-India",Active,haryana,91,85499.0,"Community, personal and Social Services",RESEARCH AND DEVELOPMENT
U73100HR2012FTC047157,GREENSTAR RESEARCH AND DEVELOPMENT INDIA PRIVATE LIMITED,2012-09-19,"PLOT NO. 134, 1ST FLOOR   SECTOR -5, IMT MANESAR, GURGAON,GURGAON,Gurgaon,Haryana,122052-India",Active,haryana,India,73100.0,"Community, personal and Social Services",RESEARCH AND DEVELOPMENT
U62013HR2024PTC124859,MAVIN SOFTWARE DEVELOPMENT CENTRE PRIVATE LIMITED,2024-09-10,"HD-599, We Work DLF Forum, Cybercity,,Phase III, DLF QE,,Dlf Qe,Gurgaon,Haryana,122002-India",Active,haryana,91,62013.0,Business Services,DEVELOPMENT CENT;DEVELOPMENT CENTRE
U85300HR2021NPL100168,PJS RESEARCH AND DEVELOPMENT COUNCIL,2021-12-27,"257   Sector-15,Escorts Nagar,Faridabad,Haryana,121007-India",Active,haryana,India,85300.0,"Community, personal and Social Services",RESEARCH AND DEVELOPMENT
U69100HR2025OPC132330,BULLSEYE INTELLIGENT R&D SOLUTIONS (OPC) PRIVATE LIMITED,2025-05-21,"C/O MANJU, N.N, NEW UTTAM,NGR COLONY, TOSHAM BYPASS,Bhiwani,Bhiwani,Haryana,127021-India",Active,haryana,91,69100.0,"Community, personal and Social Services",R&D
AAG-0678,QUALFON ADVANCED TECHNOLOGY CENTER LLP,2016-03-29,"Wing-A, 1st Floor, 418 & 419   Phase - IV, Udyog Vihar,Gurgaon,Gurgaon,Haryana,India-122015",Converted to CMP and Dissolved,haryana,,,Business Services,TECHNOLOGY CENT;TECHNOLOGY CENTER
ACC-8663,FUTURE FOCUS INNOVATIVE SKILLS DEVELOPMENT CENTER LLP,2023-09-05,"379,  Sector 15A,Faridabad,Faridabad,Faridabad,Haryana,India-121007",Active,haryana,,,"Community, personal and Social Services",DEVELOPMENT CENT;DEVELOPMENT CENTER
ACV-9433,WALIA AND TOMAR CHILD DEVELOPMENT CENTER LLP,2026-03-03,"JASBIR COLONY,SHEELA BAI PASS,Rohtak,Rohtak,Haryana,India-124001",Active,haryana,,,"Community, personal and Social Services",DEVELOPMENT CENT;DEVELOPMENT CENTER
U80302HR2021PTC097580,HUMAN ASSETS DEVELOPMENT CENTRE PRIVATE LIMITED,2021-09-10,"SCO No- 382, First Floor   Sector-29,Gurgaon,Gurgaon,Haryana,122001-India",Active,haryana,India,80302.0,"Community, personal and Social Services",DEVELOPMENT CENT;DEVELOPMENT CENTRE
AAL-6246,TECHNOLOGY AND PERSONALITY - DEVELOPMENT CENTER LIMITED LIABILITY PARTNERSHIP,2018-01-05,"H.No-253, First Floor   Sector-19,Faridabad,Faridabad,Haryana,India-121002",Active,haryana,,,Business Services,DEVELOPMENT CENT;DEVELOPMENT CENTER
U72200HR2005PTC035745,ILABS INFO TECHNOLOGY CENTER (GURGAON) PRIVATE LIMITED,2005-05-30,"Plot No. 404 & 405, Phase - III   Udyogvihar,New Delhi,Gurgaon,Haryana,122016-India",Active,haryana,India,72200.0,Business Services,TECHNOLOGY CENT;TECHNOLOGY CENTER
U73100HR2022PTC100543,TRISH I R&D PRIVATE LIMITED,2022-01-13,"H. No. 129/33, Near Tika Ram Mandir   Jawahar Colony, Sector 22,Faridabad,Faridabad,Haryana,121005-India",Active,haryana,India,73100.0,"Community, personal and Social Services",R&D
U30007HR2002PTC034983,RBS INDIA DEVELOPMENT CENTRE PRIVATE LIMITED,2002-10-17,"BUILDING NO. 7B   DLF CYBER CITY, DLF PHASE III,GURGAON,Gurgaon,Haryana,122002-India",Amalgamated,haryana,India,30007.0,Manufacturing (Machinery and Equipments),DEVELOPMENT CENT;DEVELOPMENT CENTRE
U73100HR2011PTC042405,GREENWELL ENGINEERING RESEARCH AND DEVELOPMENT PRIVATE LIMITED,2011-03-14,"B-9,1320, VISHNU NAGAR, J/W,   YAMUNA NAGAR, HARYANA,YAMUNA NAGAR,Haryana,135002-India",Strike Off,haryana,India,73100.0,"Community, personal and Social Services",RESEARCH AND DEVELOPMENT
AAB-8165,MICHELIN INDIA TECHNOLOGY CENTER LLP,2013-10-14,"3rd Floor, Orchid Business Park, Sector-48,Sohna Road, Gurgaon,Gurgaon,Gurgaon,Haryana,India-122002",Converted to CMP and Dissolved,haryana,,,"Community, personal and Social Services",TECHNOLOGY CENT;TECHNOLOGY CENTER
U85300HR2019NPL084021,DHANRAJ SOCIAL RESEARCH AND DEVELOPMENT FOUNDATION,2019-12-06,"251, Gali No 1, Khajanchiyo Wali Gali   Bhadra Bazar Sirsa, Sirsa,SIRSA,Sirsa,Haryana,125055-India",Active,haryana,India,85300.0,"Community, personal and Social Services",RESEARCH AND DEVELOPMENT
U74909HR2023PTC112834,MRKT365 R&D INDIA PRIVATE LIMITED,2023-06-27,"G Tower-1107,Shree Vardhman Mantra, Se,Bhondsi,Gurgaon,Haryana,122102-India",Active,haryana,91,74909.0,"Community, personal and Social Services",R&D
AAF-2344,SIBOOS RESEARCH AND DEVELOPMENT LLP,2015-11-28,"C-361   DABUA COLONY, NIT FARIDABAD,FARIDABAD,Faridabad,Haryana,India-121001",Active,haryana,,,Manufacturing (Food stuffs),RESEARCH AND DEVELOPMENT
U73100HR2009PTC038672,FAUSTA RESEARCH AND DEVELOPMENT PRIVATE LIMITED,2009-01-06,"Flat No. 101, Nalanda Apartments   Sector 21-C,,FARIDABAD,Haryana,121001-India",Strike Off,haryana,India,73100.0,"Community, personal and Social Services",RESEARCH AND DEVELOPMENT
U33309HR2020PTC088367,NEWTECH RESEARCH AND DEVELOPMENT PRIVATE LIMITED,2020-08-14,"14/5, Mathura road,Faridabad,Faridabad,Faridabad,Haryana,121003-India",Active,haryana,India,33309.0,Manufacturing (Machinery and Equipments),RESEARCH AND DEVELOPMENT
U74999HR2017PTC071438,INNOVOISIE RESEARCH AND DEVELOPMENT PRIVATE LIMITED,2017-11-13,"UNIT NO S-1 & S-2 SECOND FLOOR   ELDECO STATION -1,FARIDABAD,Faridabad,Haryana,121003-India",Active,haryana,India,74999.0,Business Services,RESEARCH AND DEVELOPMENT
AAT-8744,TULSI IMMUNO NANO RESEARCH AND DEVELOPMENT LLP,2020-09-18,"FLAT NO. A2 804,   TULIP ORANGE, SECTOR 70,,GURGAON,Gurgaon,Haryana,India-122101",Active,haryana,,,"Community, personal and Social Services",RESEARCH AND DEVELOPMENT
ACN-7099,PEDIGYM CHILD DEVELOPMENT CENTER LLP,2025-04-17,"E-879, Ward No. 7,Dabua Colony,Faridabad,Faridabad,Haryana,India-121001",Active,haryana,,,"Community, personal and Social Services",DEVELOPMENT CENT;DEVELOPMENT CENTER
ACH-9678,DYNAMICS MOULDS R&D LLP,2024-06-24,"Khata No.629/714,H No 59 Shiwana Manesar,Nsg Camp Manesar,Gurgaon,Haryana,India-122051",Active,haryana,,,Manufacturing (Machinery and Equipments),R&D
U72200HR2012FTC046080,KONCEIVE DEVELOPMENT CENTER PRIVATE LIMITED,2012-05-28,"Cabin No-2A   Sco 14, Sector 5,Panchkula,Panchkula,Haryana,134109-India",Active,haryana,India,72200.0,Business Services,DEVELOPMENT CENT;DEVELOPMENT CENTER
U62013HR2024FTC120009,UNLIMIT R&D INDIA PRIVATE LIMITED,2024-03-20,"Wing No. 1, 14th Floor,,AIPL BUSINESS CLUB, SECTOR - 62,Gurgaon,Gurgaon,Haryana,122018-India",Active,haryana,91,62013.0,Business Services,R&D
U70200HR2024FTC119901,ALVAREZ & MARSAL GLOBAL CAPABILITY CENTER PRIVATE LIMITED,2024-03-16,"2nd Floor, Building- 8,,DLF Cyber City Tower -B, Phase II,,Dlf Qe,Gurgaon,Haryana,122002-India",Active,haryana,91,70200.0,"Community, personal and Social Services",GLOBAL CAPABILITY;CAPABILITY CENT;CAPABILITY CENTER
U85310HR2020NPL090641,SOUTH ASIAN INSTITUTE OF RESEARCH AND DEVELOPMENT ASSOCIATION,2020-11-03,"HOUSE NO. 20, GALI NO. 1, AMAR SANJAY   COLONY, NEAR S.S.M SCHOOL, PALLA NO. 3,,FARIDABAD,Faridabad,Haryana,121003-India",Active,haryana,India,85310.0,"Community, personal and Social Services",RESEARCH AND DEVELOPMENT
U72200HR2015PTC054648,R&D PHRONESIS MICROSYSTEMS PRIVATE LIMITED,2015-02-19,"HOUSE NO. 2503   SECTOR-23,GURGAON,Gurgaon,Haryana,122017-India",Strike Off,haryana,India,72200.0,Business Services,R&D
U74999HR2020PTC087340,SILVERPISTON CAPABILITY CENTER PRIVATE LIMITED,2020-07-09,"Plot No. 90B, Sector-18   Delhi-Jaipur Expressway,Gurugram,Gurgaon,Haryana,122018-India",Active,haryana,India,74999.0,Business Services,CAPABILITY CENT;CAPABILITY CENTER
U80302HR2010PLC040946,SONA SKILL DEVELOPMENT CENTRE LIMITED,2010-07-23,"C/O SONA BLW PRECISION FORGINGS LTD, OPT. SOMIC ZF   SONA ENCLAVE VILLAGE BEGUMPUR KHATOLA,Gurgaon,Gurgaon,Haryana,122004-India",Amalgamated,haryana,India,80302.0,"Community, personal and Social Services",DEVELOPMENT CENT;DEVELOPMENT CENTRE
U74140HR2004PTC035476,BAIN CAPABILITY CENTRE INDIA PRIVATE LIMITED,2004-09-14,"4th Floor, Tower- B, Building No- 8   DLF Cyber City, Phase-II, Gurgaon- Harya,n,Gurgaon,Gurgaon,Haryana,122002-India",Active,haryana,India,74140.0,Business Services,CAPABILITY CENT;CAPABILITY CENTRE
U72200HR2024NPL117793,YOUNG MIND RESEARCH AND DEVELOPMENT FOUNDATION,2024-01-04,"1198,Sector 16,Faridabad,Faridabad,Haryana,121002-India",Active,haryana,91,72200.0,"Community, personal and Social Services",RESEARCH AND DEVELOPMENT
U72100HR2025PTC139664,PLAYFUL NEURO DEVELOPMENT CENTRE PRIVATE LIMITED,2025-12-23,"5103 FF DLF Phase-IV,Galleria Market, Gurugram,Dlf Qe,Gurgaon,Haryana,122002-India",Active,haryana,91,72100.0,"Community, personal and Social Services",DEVELOPMENT CENT;DEVELOPMENT CENTRE
U74999HR2016FTC069746,ROKI R&D INDIA PRIVATE LIMITED,2016-07-21,"PLOT NO. 259   UDYOG VIHAR, PHASE - 4,,GURGAON,Gurgaon,Haryana,122016-India",Active,haryana,India,74999.0,Business Services,R&D
U72900HR2021FTC096803,BITFIA TECHNOLOGY CENTRE PRIVATE LIMITED,2021-08-04,"No. 246, Sector 21 C,   Near Market of 21C,Faridabad,Faridabad,Haryana,121001-India",Active,haryana,India,72900.0,Business Services,TECHNOLOGY CENT;TECHNOLOGY CENTRE
U73100HR2015FTC057006,ATOTECH DEVELOPMENT CENTER PRIVATE LIMITED,2015-10-16,"Plot No. 446 G&H,   Phase IV, Sector - 8,,IMT Manesar,Gurgaon,Haryana,122050-India",Active,haryana,India,73100.0,"Community, personal and Social Services",DEVELOPMENT CENT;DEVELOPMENT CENTER
U19202HR2007PTC036606,LAKHANI REASEARCH AND DEVELOPMENT CENTRE PRIVATE LIMITED,2007-02-12,"Plot No 130   Sector-24,Faridabad,Faridabad,Haryana,121005-India",Active,haryana,India,19202.0,Manufacturing (Leather and products thereof),DEVELOPMENT CENT;DEVELOPMENT CENTRE
U45400HR2022PTC105822,DR CIVIL R&D PRIVATE LIMITED,2022-08-16,"422/38, GROUND FLOOR, RAJIV COLONY,   OPP. HOTEL MELFORT, NH-8,,GURGAON,Gurgaon,Haryana,122001-India",Active,haryana,India,45400.0,Construction,R&D
U51202HR2003PTC035129,HONDA R&D (INDIA) PRIVATE LIMITED,2003-06-11,"Technical Center   Plot No.-02, Sector-03,  IMT,Manesar,Gurgaon,Haryana,122052-India",Active,haryana,India,51202.0,Trading,R&D
U01100HR2022PTC107669,SHAKTIVARDHAK SEED RESEARCH AND DEVELOPMENT PRIVATE LIMITED,2022-11-12,"Village Chaudhriwas   Near Bank of India,Hisar,Hissar,Haryana,125001-India",Active,haryana,India,1100.0,Agriculture and Allied Activities,RESEARCH AND DEVELOPMENT
U70200HR2025FTC131860,BUPA CAPABILITY CENTRE PRIVATE LIMITED,2025-05-09,"12th Floor, Good Earth Trade Tower,Village Maidawas, Sector 62 Gurugram,Bhondsi,Gurgaon,Haryana,122102-India",Active,haryana,91,70200.0,"Community, personal and Social Services",CAPABILITY CENT;CAPABILITY CENTRE
U63030HR2019PTC080030,R&D SUPPORT SERVICES PRIVATE LIMITED,2019-04-29,"KHASRA NO.-303/3, ISLAMPUR, NEAR BANK OF INDIA,GURGAON,Gurgaon,Haryana,122001-India",Active,haryana,India,63030.0,"Transport, storage and Communications",R&D
ACG-0437,NKMPV RESEARCH AND DEVELOPMENT LLP,2024-03-13,"C/O NARESH KUMAR S/O BALBIR SINGH,SHRI NIWAS, BITNA ROAD, PINJORE,Kalka,Panchkula,Haryana,India-134102",Active,haryana,,,"Community, personal and Social Services",RESEARCH AND DEVELOPMENT
